<?xml version="1.0" encoding="UTF-8"?>
<gpx xmlns="http://www.topografix.com/GPX/1/1" version="1.1" creator="https://github.com/juanirache/gopro-telemetry">
    <trk>
        <name>GX014430.MP4</name>
        <desc>60 fps - GPS (Lat., Long., Alt., 2D speed, 3D speed) - [deg,deg,m,m/s,m/s]</desc>
        <src>HERO8 Black</src>
        <trkseg>
            <trkpt lat="14.0657397" lon="100.6338862">
                <ele>10.967</ele>
              <time>2020-12-15T03:57:55.458Z</time>
              <fix>3d</fix>
              <hdop>1.42</hdop>
          </trkpt>
          <trkpt lat="14.0657397" lon="100.6338862">
              <ele>10.967</ele>
              <time>2020-12-15T03:57:55.459Z</time>
              <fix>3d</fix>
              <hdop>1.42</hdop>
          </trkpt>
          <trkpt lat="14.0657399" lon="100.6338862">
              <ele>10.951</ele>
              <time>2020-12-15T03:57:55.577Z</time>
              <fix>3d</fix>
              <hdop>1.42</hdop>
          </trkpt>
          <trkpt lat="14.0657401" lon="100.6338861">
              <ele>10.953</ele>
              <time>2020-12-15T03:57:55.696Z</time>
              <fix>3d</fix>
              <hdop>1.42</hdop>
          </trkpt>
          <trkpt lat="14.0657403" lon="100.6338861">
              <ele>10.941</ele>
              <time>2020-12-15T03:57:55.815Z</time>
              <fix>3d</fix>
              <hdop>1.42</hdop>
          </trkpt>
          <trkpt lat="14.0657406" lon="100.6338861">
              <ele>10.953</ele>
              <time>2020-12-15T03:57:55.933Z</time>
              <fix>3d</fix>
              <hdop>1.42</hdop>
          </trkpt>
          <trkpt lat="14.0657407" lon="100.633886">
              <ele>10.952</ele>
              <time>2020-12-15T03:57:56.052Z</time>
              <fix>3d</fix>
              <hdop>1.42</hdop>
          </trkpt>
          <trkpt lat="14.065741" lon="100.6338859">
              <ele>10.959</ele>
              <time>2020-12-15T03:57:56.171Z</time>
              <fix>3d</fix>
              <hdop>1.42</hdop>
          </trkpt>
          <trkpt lat="14.0657412" lon="100.633886">
              <ele>10.956</ele>
              <time>2020-12-15T03:57:56.289Z</time>
              <fix>3d</fix>
              <hdop>1.42</hdop>
          </trkpt>
          <trkpt lat="14.0657416" lon="100.633886">
              <ele>10.94</ele>
              <time>2020-12-15T03:57:56.408Z</time>
              <fix>3d</fix>
              <hdop>1.42</hdop>
          </trkpt>
          <trkpt lat="14.0657419" lon="100.633886">
              <ele>10.906</ele>
              <time>2020-12-15T03:57:56.527Z</time>
              <fix>3d</fix>
              <hdop>1.42</hdop>
          </trkpt>
          <trkpt lat="14.0657421" lon="100.633886">
              <ele>10.929</ele>
              <time>2020-12-15T03:57:56.645Z</time>
              <fix>3d</fix>
              <hdop>1.42</hdop>
          </trkpt>
          <trkpt lat="14.0657424" lon="100.633886">
              <ele>10.977</ele>
              <time>2020-12-15T03:57:56.764Z</time>
              <fix>3d</fix>
              <hdop>1.42</hdop>
          </trkpt>
          <trkpt lat="14.0657429" lon="100.633886">
              <ele>10.967</ele>
              <time>2020-12-15T03:57:56.883Z</time>
              <fix>3d</fix>
              <hdop>1.42</hdop>
          </trkpt>
          <trkpt lat="14.0657432" lon="100.6338859">
              <ele>10.938</ele>
              <time>2020-12-15T03:57:57.001Z</time>
              <fix>3d</fix>
              <hdop>1.42</hdop>
          </trkpt>
          <trkpt lat="14.0657435" lon="100.6338858">
              <ele>10.937</ele>
              <time>2020-12-15T03:57:57.120Z</time>
              <fix>3d</fix>
              <hdop>1.42</hdop>
          </trkpt>
          <trkpt lat="14.0657439" lon="100.6338857">
              <ele>10.981</ele>
              <time>2020-12-15T03:57:57.239Z</time>
              <fix>3d</fix>
              <hdop>1.42</hdop>
          </trkpt>
          <trkpt lat="14.0657444" lon="100.6338858">
              <ele>11.013</ele>
              <time>2020-12-15T03:57:57.357Z</time>
              <fix>3d</fix>
              <hdop>1.42</hdop>
          </trkpt>
          <trkpt lat="14.0657448" lon="100.6338857">
              <ele>11.011</ele>
              <time>2020-12-15T03:57:57.476Z</time>
              <fix>3d</fix>
              <hdop>1.42</hdop>
          </trkpt>
          <trkpt lat="14.0657452" lon="100.6338856">
              <ele>10.993</ele>
              <time>2020-12-15T03:57:57.595Z</time>
              <fix>3d</fix>
              <hdop>1.42</hdop>
          </trkpt>
          <trkpt lat="14.0657456" lon="100.6338857">
              <ele>10.973</ele>
              <time>2020-12-15T03:57:57.714Z</time>
              <fix>3d</fix>
              <hdop>1.36</hdop>
          </trkpt>
          <trkpt lat="14.0657461" lon="100.6338858">
              <ele>10.967</ele>
              <time>2020-12-15T03:57:57.779Z</time>
              <fix>3d</fix>
              <hdop>1.36</hdop>
          </trkpt>
          <trkpt lat="14.0657466" lon="100.6338858">
              <ele>10.986</ele>
              <time>2020-12-15T03:57:57.844Z</time>
              <fix>3d</fix>
              <hdop>1.36</hdop>
          </trkpt>
          <trkpt lat="14.0657471" lon="100.6338858">
              <ele>10.996</ele>
              <time>2020-12-15T03:57:57.909Z</time>
              <fix>3d</fix>
              <hdop>1.36</hdop>
          </trkpt>
          <trkpt lat="14.0657476" lon="100.6338858">
              <ele>11</ele>
              <time>2020-12-15T03:57:57.975Z</time>
              <fix>3d</fix>
              <hdop>1.36</hdop>
          </trkpt>
          <trkpt lat="14.0657481" lon="100.6338857">
              <ele>10.997</ele>
              <time>2020-12-15T03:57:58.040Z</time>
              <fix>3d</fix>
              <hdop>1.36</hdop>
          </trkpt>
          <trkpt lat="14.0657486" lon="100.6338858">
              <ele>10.997</ele>
              <time>2020-12-15T03:57:58.105Z</time>
              <fix>3d</fix>
              <hdop>1.36</hdop>
          </trkpt>
          <trkpt lat="14.0657491" lon="100.6338859">
              <ele>10.985</ele>
              <time>2020-12-15T03:57:58.171Z</time>
              <fix>3d</fix>
              <hdop>1.36</hdop>
          </trkpt>
          <trkpt lat="14.0657496" lon="100.633886">
              <ele>10.97</ele>
              <time>2020-12-15T03:57:58.236Z</time>
              <fix>3d</fix>
              <hdop>1.36</hdop>
          </trkpt>
          <trkpt lat="14.0657501" lon="100.6338861">
              <ele>10.971</ele>
              <time>2020-12-15T03:57:58.301Z</time>
              <fix>3d</fix>
              <hdop>1.36</hdop>
          </trkpt>
          <trkpt lat="14.0657507" lon="100.6338863">
              <ele>10.952</ele>
              <time>2020-12-15T03:57:58.367Z</time>
              <fix>3d</fix>
              <hdop>1.36</hdop>
          </trkpt>
          <trkpt lat="14.0657519" lon="100.6338865">
              <ele>10.933</ele>
              <time>2020-12-15T03:57:58.432Z</time>
              <fix>3d</fix>
              <hdop>1.36</hdop>
          </trkpt>
          <trkpt lat="14.0657526" lon="100.6338867">
              <ele>10.912</ele>
              <time>2020-12-15T03:57:58.497Z</time>
              <fix>3d</fix>
              <hdop>1.36</hdop>
          </trkpt>
          <trkpt lat="14.0657532" lon="100.6338868">
              <ele>10.901</ele>
              <time>2020-12-15T03:57:58.563Z</time>
              <fix>3d</fix>
              <hdop>1.36</hdop>
          </trkpt>
          <trkpt lat="14.0657538" lon="100.633887">
              <ele>10.906</ele>
              <time>2020-12-15T03:57:58.628Z</time>
              <fix>3d</fix>
              <hdop>1.36</hdop>
          </trkpt>
          <trkpt lat="14.0657545" lon="100.6338871">
              <ele>10.908</ele>
              <time>2020-12-15T03:57:58.693Z</time>
              <fix>3d</fix>
              <hdop>1.36</hdop>
          </trkpt>
          <trkpt lat="14.0657552" lon="100.6338873">
              <ele>10.927</ele>
              <time>2020-12-15T03:57:58.759Z</time>
              <fix>3d</fix>
              <hdop>1.42</hdop>
          </trkpt>
          <trkpt lat="14.0657561" lon="100.6338874">
              <ele>10.922</ele>
              <time>2020-12-15T03:57:58.811Z</time>
              <fix>3d</fix>
              <hdop>1.42</hdop>
          </trkpt>
          <trkpt lat="14.0657569" lon="100.6338875">
              <ele>10.915</ele>
              <time>2020-12-15T03:57:58.863Z</time>
              <fix>3d</fix>
              <hdop>1.42</hdop>
          </trkpt>
          <trkpt lat="14.0657576" lon="100.6338874">
              <ele>10.907</ele>
              <time>2020-12-15T03:57:58.915Z</time>
              <fix>3d</fix>
              <hdop>1.42</hdop>
          </trkpt>
          <trkpt lat="14.0657585" lon="100.6338876">
              <ele>10.891</ele>
              <time>2020-12-15T03:57:58.967Z</time>
              <fix>3d</fix>
              <hdop>1.42</hdop>
          </trkpt>
          <trkpt lat="14.0657593" lon="100.6338877">
              <ele>10.871</ele>
              <time>2020-12-15T03:57:59.019Z</time>
              <fix>3d</fix>
              <hdop>1.42</hdop>
          </trkpt>
          <trkpt lat="14.0657601" lon="100.6338878">
              <ele>10.874</ele>
              <time>2020-12-15T03:57:59.071Z</time>
              <fix>3d</fix>
              <hdop>1.42</hdop>
          </trkpt>
          <trkpt lat="14.0657607" lon="100.6338879">
              <ele>10.876</ele>
              <time>2020-12-15T03:57:59.123Z</time>
              <fix>3d</fix>
              <hdop>1.42</hdop>
          </trkpt>
          <trkpt lat="14.0657614" lon="100.6338881">
              <ele>10.86</ele>
              <time>2020-12-15T03:57:59.175Z</time>
              <fix>3d</fix>
              <hdop>1.42</hdop>
          </trkpt>
          <trkpt lat="14.0657621" lon="100.6338882">
              <ele>10.858</ele>
              <time>2020-12-15T03:57:59.227Z</time>
              <fix>3d</fix>
              <hdop>1.42</hdop>
          </trkpt>
          <trkpt lat="14.065763" lon="100.6338882">
              <ele>10.874</ele>
              <time>2020-12-15T03:57:59.280Z</time>
              <fix>3d</fix>
              <hdop>1.42</hdop>
          </trkpt>
          <trkpt lat="14.0657638" lon="100.6338885">
              <ele>10.848</ele>
              <time>2020-12-15T03:57:59.332Z</time>
              <fix>3d</fix>
              <hdop>1.42</hdop>
          </trkpt>
          <trkpt lat="14.0657646" lon="100.6338888">
              <ele>10.776</ele>
              <time>2020-12-15T03:57:59.384Z</time>
              <fix>3d</fix>
              <hdop>1.42</hdop>
          </trkpt>
          <trkpt lat="14.0657653" lon="100.6338891">
              <ele>10.778</ele>
              <time>2020-12-15T03:57:59.436Z</time>
              <fix>3d</fix>
              <hdop>1.42</hdop>
          </trkpt>
          <trkpt lat="14.0657662" lon="100.6338892">
              <ele>10.8</ele>
              <time>2020-12-15T03:57:59.488Z</time>
              <fix>3d</fix>
              <hdop>1.42</hdop>
          </trkpt>
          <trkpt lat="14.0657671" lon="100.6338891">
              <ele>10.856</ele>
              <time>2020-12-15T03:57:59.540Z</time>
              <fix>3d</fix>
              <hdop>1.42</hdop>
          </trkpt>
          <trkpt lat="14.0657679" lon="100.6338893">
              <ele>10.866</ele>
              <time>2020-12-15T03:57:59.592Z</time>
              <fix>3d</fix>
              <hdop>1.42</hdop>
          </trkpt>
          <trkpt lat="14.0657688" lon="100.6338893">
              <ele>10.864</ele>
              <time>2020-12-15T03:57:59.644Z</time>
              <fix>3d</fix>
              <hdop>1.42</hdop>
          </trkpt>
          <trkpt lat="14.0657697" lon="100.6338894">
              <ele>10.836</ele>
              <time>2020-12-15T03:57:59.696Z</time>
              <fix>3d</fix>
              <hdop>1.42</hdop>
          </trkpt>
          <trkpt lat="14.0657706" lon="100.6338895">
              <ele>10.847</ele>
              <time>2020-12-15T03:57:59.749Z</time>
              <fix>3d</fix>
              <hdop>1.42</hdop>
          </trkpt>
          <trkpt lat="14.0657715" lon="100.6338897">
              <ele>10.874</ele>
              <time>2020-12-15T03:57:59.804Z</time>
              <fix>3d</fix>
              <hdop>1.42</hdop>
          </trkpt>
          <trkpt lat="14.0657725" lon="100.6338897">
              <ele>10.868</ele>
              <time>2020-12-15T03:57:59.859Z</time>
              <fix>3d</fix>
              <hdop>1.42</hdop>
          </trkpt>
          <trkpt lat="14.0657735" lon="100.6338896">
              <ele>10.853</ele>
              <time>2020-12-15T03:57:59.914Z</time>
              <fix>3d</fix>
              <hdop>1.42</hdop>
          </trkpt>
          <trkpt lat="14.0657745" lon="100.6338897">
              <ele>10.862</ele>
              <time>2020-12-15T03:57:59.969Z</time>
              <fix>3d</fix>
              <hdop>1.42</hdop>
          </trkpt>
          <trkpt lat="14.0657755" lon="100.6338897">
              <ele>10.88</ele>
              <time>2020-12-15T03:58:00.024Z</time>
              <fix>3d</fix>
              <hdop>1.42</hdop>
          </trkpt>
          <trkpt lat="14.0657765" lon="100.6338898">
              <ele>10.879</ele>
              <time>2020-12-15T03:58:00.079Z</time>
              <fix>3d</fix>
              <hdop>1.42</hdop>
          </trkpt>
          <trkpt lat="14.0657776" lon="100.6338901">
              <ele>10.888</ele>
              <time>2020-12-15T03:58:00.134Z</time>
              <fix>3d</fix>
              <hdop>1.42</hdop>
          </trkpt>
          <trkpt lat="14.0657788" lon="100.6338902">
              <ele>10.879</ele>
              <time>2020-12-15T03:58:00.189Z</time>
              <fix>3d</fix>
              <hdop>1.42</hdop>
          </trkpt>
          <trkpt lat="14.0657798" lon="100.6338901">
              <ele>10.86</ele>
              <time>2020-12-15T03:58:00.244Z</time>
              <fix>3d</fix>
              <hdop>1.42</hdop>
          </trkpt>
          <trkpt lat="14.0657809" lon="100.6338902">
              <ele>10.871</ele>
              <time>2020-12-15T03:58:00.299Z</time>
              <fix>3d</fix>
              <hdop>1.42</hdop>
          </trkpt>
          <trkpt lat="14.0657823" lon="100.6338904">
              <ele>10.897</ele>
              <time>2020-12-15T03:58:00.354Z</time>
              <fix>3d</fix>
              <hdop>1.42</hdop>
          </trkpt>
          <trkpt lat="14.0657834" lon="100.6338905">
              <ele>10.879</ele>
              <time>2020-12-15T03:58:00.409Z</time>
              <fix>3d</fix>
              <hdop>1.42</hdop>
          </trkpt>
          <trkpt lat="14.0657847" lon="100.6338905">
              <ele>10.874</ele>
              <time>2020-12-15T03:58:00.464Z</time>
              <fix>3d</fix>
              <hdop>1.42</hdop>
          </trkpt>
          <trkpt lat="14.0657861" lon="100.6338906">
              <ele>10.884</ele>
              <time>2020-12-15T03:58:00.519Z</time>
              <fix>3d</fix>
              <hdop>1.42</hdop>
          </trkpt>
          <trkpt lat="14.0657874" lon="100.6338905">
              <ele>10.885</ele>
              <time>2020-12-15T03:58:00.574Z</time>
              <fix>3d</fix>
              <hdop>1.42</hdop>
          </trkpt>
          <trkpt lat="14.0657888" lon="100.6338904">
              <ele>10.883</ele>
              <time>2020-12-15T03:58:00.629Z</time>
              <fix>3d</fix>
              <hdop>1.42</hdop>
          </trkpt>
          <trkpt lat="14.0657902" lon="100.6338906">
              <ele>10.908</ele>
              <time>2020-12-15T03:58:00.684Z</time>
              <fix>3d</fix>
              <hdop>1.42</hdop>
          </trkpt>
          <trkpt lat="14.0657916" lon="100.6338906">
              <ele>10.916</ele>
              <time>2020-12-15T03:58:00.739Z</time>
              <fix>3d</fix>
              <hdop>1.41</hdop>
          </trkpt>
          <trkpt lat="14.0657929" lon="100.6338906">
              <ele>10.916</ele>
              <time>2020-12-15T03:58:00.794Z</time>
              <fix>3d</fix>
              <hdop>1.41</hdop>
          </trkpt>
          <trkpt lat="14.0657944" lon="100.6338906">
              <ele>10.932</ele>
              <time>2020-12-15T03:58:00.849Z</time>
              <fix>3d</fix>
              <hdop>1.41</hdop>
          </trkpt>
          <trkpt lat="14.0657959" lon="100.6338906">
              <ele>10.945</ele>
              <time>2020-12-15T03:58:00.904Z</time>
              <fix>3d</fix>
              <hdop>1.41</hdop>
          </trkpt>
          <trkpt lat="14.0657975" lon="100.6338908">
              <ele>10.936</ele>
              <time>2020-12-15T03:58:00.959Z</time>
              <fix>3d</fix>
              <hdop>1.41</hdop>
          </trkpt>
          <trkpt lat="14.065799" lon="100.6338908">
              <ele>10.953</ele>
              <time>2020-12-15T03:58:01.014Z</time>
              <fix>3d</fix>
              <hdop>1.41</hdop>
          </trkpt>
          <trkpt lat="14.0658005" lon="100.6338908">
              <ele>10.952</ele>
              <time>2020-12-15T03:58:01.069Z</time>
              <fix>3d</fix>
              <hdop>1.41</hdop>
          </trkpt>
          <trkpt lat="14.0658021" lon="100.633891">
              <ele>10.968</ele>
              <time>2020-12-15T03:58:01.124Z</time>
              <fix>3d</fix>
              <hdop>1.41</hdop>
          </trkpt>
          <trkpt lat="14.0658035" lon="100.6338911">
              <ele>10.96</ele>
              <time>2020-12-15T03:58:01.179Z</time>
              <fix>3d</fix>
              <hdop>1.41</hdop>
          </trkpt>
          <trkpt lat="14.0658051" lon="100.6338912">
              <ele>10.981</ele>
              <time>2020-12-15T03:58:01.234Z</time>
              <fix>3d</fix>
              <hdop>1.41</hdop>
          </trkpt>
          <trkpt lat="14.0658066" lon="100.6338915">
              <ele>10.97</ele>
              <time>2020-12-15T03:58:01.289Z</time>
              <fix>3d</fix>
              <hdop>1.41</hdop>
          </trkpt>
          <trkpt lat="14.0658081" lon="100.6338917">
              <ele>10.966</ele>
              <time>2020-12-15T03:58:01.344Z</time>
              <fix>3d</fix>
              <hdop>1.41</hdop>
          </trkpt>
          <trkpt lat="14.0658095" lon="100.6338919">
              <ele>10.969</ele>
              <time>2020-12-15T03:58:01.399Z</time>
              <fix>3d</fix>
              <hdop>1.41</hdop>
          </trkpt>
          <trkpt lat="14.065811" lon="100.6338921">
              <ele>10.969</ele>
              <time>2020-12-15T03:58:01.454Z</time>
              <fix>3d</fix>
              <hdop>1.41</hdop>
          </trkpt>
          <trkpt lat="14.0658124" lon="100.6338923">
              <ele>10.951</ele>
              <time>2020-12-15T03:58:01.509Z</time>
              <fix>3d</fix>
              <hdop>1.41</hdop>
          </trkpt>
          <trkpt lat="14.0658139" lon="100.6338924">
              <ele>10.948</ele>
              <time>2020-12-15T03:58:01.564Z</time>
              <fix>3d</fix>
              <hdop>1.41</hdop>
          </trkpt>
          <trkpt lat="14.0658155" lon="100.6338926">
              <ele>10.947</ele>
              <time>2020-12-15T03:58:01.619Z</time>
              <fix>3d</fix>
              <hdop>1.41</hdop>
          </trkpt>
          <trkpt lat="14.065817" lon="100.6338927">
              <ele>10.926</ele>
              <time>2020-12-15T03:58:01.674Z</time>
              <fix>3d</fix>
              <hdop>1.41</hdop>
          </trkpt>
          <trkpt lat="14.0658185" lon="100.6338929">
              <ele>10.897</ele>
              <time>2020-12-15T03:58:01.729Z</time>
              <fix>3d</fix>
              <hdop>1.36</hdop>
          </trkpt>
          <trkpt lat="14.0658202" lon="100.6338933">
              <ele>10.861</ele>
              <time>2020-12-15T03:58:01.784Z</time>
              <fix>3d</fix>
              <hdop>1.36</hdop>
          </trkpt>
          <trkpt lat="14.0658218" lon="100.6338934">
              <ele>10.878</ele>
              <time>2020-12-15T03:58:01.839Z</time>
              <fix>3d</fix>
              <hdop>1.36</hdop>
          </trkpt>
          <trkpt lat="14.0658234" lon="100.6338935">
              <ele>10.868</ele>
              <time>2020-12-15T03:58:01.894Z</time>
              <fix>3d</fix>
              <hdop>1.36</hdop>
          </trkpt>
          <trkpt lat="14.0658249" lon="100.6338938">
              <ele>10.836</ele>
              <time>2020-12-15T03:58:01.949Z</time>
              <fix>3d</fix>
              <hdop>1.36</hdop>
          </trkpt>
          <trkpt lat="14.0658263" lon="100.6338939">
              <ele>10.816</ele>
              <time>2020-12-15T03:58:02.004Z</time>
              <fix>3d</fix>
              <hdop>1.36</hdop>
          </trkpt>
          <trkpt lat="14.0658279" lon="100.6338941">
              <ele>10.81</ele>
              <time>2020-12-15T03:58:02.059Z</time>
              <fix>3d</fix>
              <hdop>1.36</hdop>
          </trkpt>
          <trkpt lat="14.0658296" lon="100.6338942">
              <ele>10.825</ele>
              <time>2020-12-15T03:58:02.114Z</time>
              <fix>3d</fix>
              <hdop>1.36</hdop>
          </trkpt>
          <trkpt lat="14.0658311" lon="100.6338943">
              <ele>10.82</ele>
              <time>2020-12-15T03:58:02.169Z</time>
              <fix>3d</fix>
              <hdop>1.36</hdop>
          </trkpt>
          <trkpt lat="14.0658327" lon="100.6338944">
              <ele>10.82</ele>
              <time>2020-12-15T03:58:02.224Z</time>
              <fix>3d</fix>
              <hdop>1.36</hdop>
          </trkpt>
          <trkpt lat="14.0658344" lon="100.6338945">
              <ele>10.808</ele>
              <time>2020-12-15T03:58:02.279Z</time>
              <fix>3d</fix>
              <hdop>1.36</hdop>
          </trkpt>
          <trkpt lat="14.0658361" lon="100.6338947">
              <ele>10.821</ele>
              <time>2020-12-15T03:58:02.334Z</time>
              <fix>3d</fix>
              <hdop>1.36</hdop>
          </trkpt>
          <trkpt lat="14.0658376" lon="100.6338948">
              <ele>10.823</ele>
              <time>2020-12-15T03:58:02.389Z</time>
              <fix>3d</fix>
              <hdop>1.36</hdop>
          </trkpt>
          <trkpt lat="14.0658392" lon="100.6338948">
              <ele>10.824</ele>
              <time>2020-12-15T03:58:02.444Z</time>
              <fix>3d</fix>
              <hdop>1.36</hdop>
          </trkpt>
          <trkpt lat="14.0658409" lon="100.6338949">
              <ele>10.836</ele>
              <time>2020-12-15T03:58:02.499Z</time>
              <fix>3d</fix>
              <hdop>1.36</hdop>
          </trkpt>
          <trkpt lat="14.0658425" lon="100.6338951">
              <ele>10.833</ele>
              <time>2020-12-15T03:58:02.554Z</time>
              <fix>3d</fix>
              <hdop>1.36</hdop>
          </trkpt>
          <trkpt lat="14.0658443" lon="100.6338954">
              <ele>10.831</ele>
              <time>2020-12-15T03:58:02.609Z</time>
              <fix>3d</fix>
              <hdop>1.36</hdop>
          </trkpt>
          <trkpt lat="14.065846" lon="100.6338957">
              <ele>10.795</ele>
              <time>2020-12-15T03:58:02.664Z</time>
              <fix>3d</fix>
              <hdop>1.36</hdop>
          </trkpt>
          <trkpt lat="14.0658477" lon="100.6338958">
              <ele>10.789</ele>
              <time>2020-12-15T03:58:02.719Z</time>
              <fix>3d</fix>
              <hdop>1.37</hdop>
          </trkpt>
          <trkpt lat="14.0658494" lon="100.6338959">
              <ele>10.781</ele>
              <time>2020-12-15T03:58:02.774Z</time>
              <fix>3d</fix>
              <hdop>1.37</hdop>
          </trkpt>
          <trkpt lat="14.0658512" lon="100.6338959">
              <ele>10.786</ele>
              <time>2020-12-15T03:58:02.829Z</time>
              <fix>3d</fix>
              <hdop>1.37</hdop>
          </trkpt>
          <trkpt lat="14.065853" lon="100.6338962">
              <ele>10.78</ele>
              <time>2020-12-15T03:58:02.884Z</time>
              <fix>3d</fix>
              <hdop>1.37</hdop>
          </trkpt>
          <trkpt lat="14.0658549" lon="100.633896">
              <ele>10.781</ele>
              <time>2020-12-15T03:58:02.939Z</time>
              <fix>3d</fix>
              <hdop>1.37</hdop>
          </trkpt>
          <trkpt lat="14.0658569" lon="100.633896">
              <ele>10.789</ele>
              <time>2020-12-15T03:58:02.994Z</time>
              <fix>3d</fix>
              <hdop>1.37</hdop>
          </trkpt>
          <trkpt lat="14.0658588" lon="100.6338961">
              <ele>10.81</ele>
              <time>2020-12-15T03:58:03.049Z</time>
              <fix>3d</fix>
              <hdop>1.37</hdop>
          </trkpt>
          <trkpt lat="14.0658605" lon="100.6338962">
              <ele>10.801</ele>
              <time>2020-12-15T03:58:03.104Z</time>
              <fix>3d</fix>
              <hdop>1.37</hdop>
          </trkpt>
          <trkpt lat="14.0658624" lon="100.6338963">
              <ele>10.813</ele>
              <time>2020-12-15T03:58:03.159Z</time>
              <fix>3d</fix>
              <hdop>1.37</hdop>
          </trkpt>
          <trkpt lat="14.0658645" lon="100.6338962">
              <ele>10.86</ele>
              <time>2020-12-15T03:58:03.214Z</time>
              <fix>3d</fix>
              <hdop>1.37</hdop>
          </trkpt>
          <trkpt lat="14.0658666" lon="100.6338962">
              <ele>10.859</ele>
              <time>2020-12-15T03:58:03.269Z</time>
              <fix>3d</fix>
              <hdop>1.37</hdop>
          </trkpt>
          <trkpt lat="14.0658686" lon="100.6338964">
              <ele>10.855</ele>
              <time>2020-12-15T03:58:03.324Z</time>
              <fix>3d</fix>
              <hdop>1.37</hdop>
          </trkpt>
          <trkpt lat="14.0658706" lon="100.6338966">
              <ele>10.88</ele>
              <time>2020-12-15T03:58:03.379Z</time>
              <fix>3d</fix>
              <hdop>1.37</hdop>
          </trkpt>
          <trkpt lat="14.0658726" lon="100.6338968">
              <ele>10.854</ele>
              <time>2020-12-15T03:58:03.434Z</time>
              <fix>3d</fix>
              <hdop>1.37</hdop>
          </trkpt>
          <trkpt lat="14.0658746" lon="100.6338968">
              <ele>10.838</ele>
              <time>2020-12-15T03:58:03.489Z</time>
              <fix>3d</fix>
              <hdop>1.37</hdop>
          </trkpt>
          <trkpt lat="14.0658768" lon="100.6338969">
              <ele>10.828</ele>
              <time>2020-12-15T03:58:03.544Z</time>
              <fix>3d</fix>
              <hdop>1.37</hdop>
          </trkpt>
          <trkpt lat="14.065879" lon="100.6338971">
              <ele>10.833</ele>
              <time>2020-12-15T03:58:03.599Z</time>
              <fix>3d</fix>
              <hdop>1.37</hdop>
          </trkpt>
          <trkpt lat="14.0658811" lon="100.633897">
              <ele>10.845</ele>
              <time>2020-12-15T03:58:03.654Z</time>
              <fix>3d</fix>
              <hdop>1.37</hdop>
          </trkpt>
          <trkpt lat="14.0658831" lon="100.6338971">
              <ele>10.863</ele>
              <time>2020-12-15T03:58:03.709Z</time>
              <fix>3d</fix>
              <hdop>1.37</hdop>
          </trkpt>
          <trkpt lat="14.0658854" lon="100.6338971">
              <ele>10.828</ele>
              <time>2020-12-15T03:58:03.764Z</time>
              <fix>3d</fix>
              <hdop>1.37</hdop>
          </trkpt>
          <trkpt lat="14.0658876" lon="100.6338972">
              <ele>10.855</ele>
              <time>2020-12-15T03:58:03.819Z</time>
              <fix>3d</fix>
              <hdop>1.37</hdop>
          </trkpt>
          <trkpt lat="14.0658898" lon="100.6338973">
              <ele>10.88</ele>
              <time>2020-12-15T03:58:03.874Z</time>
              <fix>3d</fix>
              <hdop>1.37</hdop>
          </trkpt>
          <trkpt lat="14.065892" lon="100.6338975">
              <ele>10.887</ele>
              <time>2020-12-15T03:58:03.929Z</time>
              <fix>3d</fix>
              <hdop>1.37</hdop>
          </trkpt>
          <trkpt lat="14.0658942" lon="100.6338977">
              <ele>10.882</ele>
              <time>2020-12-15T03:58:03.984Z</time>
              <fix>3d</fix>
              <hdop>1.37</hdop>
          </trkpt>
          <trkpt lat="14.0658964" lon="100.6338978">
              <ele>10.89</ele>
              <time>2020-12-15T03:58:04.039Z</time>
              <fix>3d</fix>
              <hdop>1.37</hdop>
          </trkpt>
          <trkpt lat="14.0658987" lon="100.6338979">
              <ele>10.876</ele>
              <time>2020-12-15T03:58:04.094Z</time>
              <fix>3d</fix>
              <hdop>1.37</hdop>
          </trkpt>
          <trkpt lat="14.0659009" lon="100.6338979">
              <ele>10.815</ele>
              <time>2020-12-15T03:58:04.149Z</time>
              <fix>3d</fix>
              <hdop>1.37</hdop>
          </trkpt>
          <trkpt lat="14.0659033" lon="100.6338984">
              <ele>10.819</ele>
              <time>2020-12-15T03:58:04.204Z</time>
              <fix>3d</fix>
              <hdop>1.37</hdop>
          </trkpt>
          <trkpt lat="14.0659055" lon="100.6338985">
              <ele>10.752</ele>
              <time>2020-12-15T03:58:04.259Z</time>
              <fix>3d</fix>
              <hdop>1.37</hdop>
          </trkpt>
          <trkpt lat="14.0659077" lon="100.6338988">
              <ele>10.724</ele>
              <time>2020-12-15T03:58:04.314Z</time>
              <fix>3d</fix>
              <hdop>1.37</hdop>
          </trkpt>
          <trkpt lat="14.0659101" lon="100.633899">
              <ele>10.698</ele>
              <time>2020-12-15T03:58:04.369Z</time>
              <fix>3d</fix>
              <hdop>1.37</hdop>
          </trkpt>
          <trkpt lat="14.0659124" lon="100.6338992">
              <ele>10.674</ele>
              <time>2020-12-15T03:58:04.424Z</time>
              <fix>3d</fix>
              <hdop>1.37</hdop>
          </trkpt>
          <trkpt lat="14.0659148" lon="100.6338995">
              <ele>10.649</ele>
              <time>2020-12-15T03:58:04.479Z</time>
              <fix>3d</fix>
              <hdop>1.37</hdop>
          </trkpt>
          <trkpt lat="14.0659173" lon="100.6338998">
              <ele>10.625</ele>
              <time>2020-12-15T03:58:04.534Z</time>
              <fix>3d</fix>
              <hdop>1.37</hdop>
          </trkpt>
          <trkpt lat="14.0659196" lon="100.6339001">
              <ele>10.611</ele>
              <time>2020-12-15T03:58:04.589Z</time>
              <fix>3d</fix>
              <hdop>1.37</hdop>
          </trkpt>
          <trkpt lat="14.065922" lon="100.6339004">
              <ele>10.554</ele>
              <time>2020-12-15T03:58:04.644Z</time>
              <fix>3d</fix>
              <hdop>1.37</hdop>
          </trkpt>
          <trkpt lat="14.0659244" lon="100.6339006">
              <ele>10.532</ele>
              <time>2020-12-15T03:58:04.699Z</time>
              <fix>3d</fix>
              <hdop>1.37</hdop>
          </trkpt>
          <trkpt lat="14.0659267" lon="100.6339007">
              <ele>10.507</ele>
              <time>2020-12-15T03:58:04.754Z</time>
              <fix>3d</fix>
              <hdop>1.41</hdop>
          </trkpt>
          <trkpt lat="14.0659292" lon="100.633901">
              <ele>10.502</ele>
              <time>2020-12-15T03:58:04.809Z</time>
              <fix>3d</fix>
              <hdop>1.41</hdop>
          </trkpt>
          <trkpt lat="14.0659317" lon="100.6339013">
              <ele>10.451</ele>
              <time>2020-12-15T03:58:04.864Z</time>
              <fix>3d</fix>
              <hdop>1.41</hdop>
          </trkpt>
          <trkpt lat="14.0659342" lon="100.6339013">
              <ele>10.415</ele>
              <time>2020-12-15T03:58:04.919Z</time>
              <fix>3d</fix>
              <hdop>1.41</hdop>
          </trkpt>
          <trkpt lat="14.0659367" lon="100.6339014">
              <ele>10.385</ele>
              <time>2020-12-15T03:58:04.974Z</time>
              <fix>3d</fix>
              <hdop>1.41</hdop>
          </trkpt>
          <trkpt lat="14.0659392" lon="100.6339015">
              <ele>10.362</ele>
              <time>2020-12-15T03:58:05.029Z</time>
              <fix>3d</fix>
              <hdop>1.41</hdop>
          </trkpt>
          <trkpt lat="14.0659416" lon="100.6339016">
              <ele>10.345</ele>
              <time>2020-12-15T03:58:05.084Z</time>
              <fix>3d</fix>
              <hdop>1.41</hdop>
          </trkpt>
          <trkpt lat="14.0659442" lon="100.6339018">
              <ele>10.325</ele>
              <time>2020-12-15T03:58:05.139Z</time>
              <fix>3d</fix>
              <hdop>1.41</hdop>
          </trkpt>
          <trkpt lat="14.0659468" lon="100.6339019">
              <ele>10.306</ele>
              <time>2020-12-15T03:58:05.194Z</time>
              <fix>3d</fix>
              <hdop>1.41</hdop>
          </trkpt>
          <trkpt lat="14.0659492" lon="100.6339019">
              <ele>10.334</ele>
              <time>2020-12-15T03:58:05.249Z</time>
              <fix>3d</fix>
              <hdop>1.41</hdop>
          </trkpt>
          <trkpt lat="14.065952" lon="100.6339019">
              <ele>10.391</ele>
              <time>2020-12-15T03:58:05.304Z</time>
              <fix>3d</fix>
              <hdop>1.41</hdop>
          </trkpt>
          <trkpt lat="14.0659545" lon="100.6339019">
              <ele>10.366</ele>
              <time>2020-12-15T03:58:05.359Z</time>
              <fix>3d</fix>
              <hdop>1.41</hdop>
          </trkpt>
          <trkpt lat="14.0659571" lon="100.6339022">
              <ele>10.302</ele>
              <time>2020-12-15T03:58:05.414Z</time>
              <fix>3d</fix>
              <hdop>1.41</hdop>
          </trkpt>
          <trkpt lat="14.0659596" lon="100.6339023">
              <ele>10.276</ele>
              <time>2020-12-15T03:58:05.469Z</time>
              <fix>3d</fix>
              <hdop>1.41</hdop>
          </trkpt>
          <trkpt lat="14.0659623" lon="100.6339026">
              <ele>10.21</ele>
              <time>2020-12-15T03:58:05.524Z</time>
              <fix>3d</fix>
              <hdop>1.41</hdop>
          </trkpt>
          <trkpt lat="14.0659651" lon="100.6339026">
              <ele>10.191</ele>
              <time>2020-12-15T03:58:05.579Z</time>
              <fix>3d</fix>
              <hdop>1.41</hdop>
          </trkpt>
          <trkpt lat="14.0659677" lon="100.6339027">
              <ele>10.17</ele>
              <time>2020-12-15T03:58:05.634Z</time>
              <fix>3d</fix>
              <hdop>1.41</hdop>
          </trkpt>
          <trkpt lat="14.0659703" lon="100.6339026">
              <ele>10.19</ele>
              <time>2020-12-15T03:58:05.689Z</time>
              <fix>3d</fix>
              <hdop>1.41</hdop>
          </trkpt>
          <trkpt lat="14.065973" lon="100.6339028">
              <ele>10.206</ele>
              <time>2020-12-15T03:58:05.744Z</time>
              <fix>3d</fix>
              <hdop>1.41</hdop>
          </trkpt>
          <trkpt lat="14.0659758" lon="100.6339027">
              <ele>10.207</ele>
              <time>2020-12-15T03:58:05.799Z</time>
              <fix>3d</fix>
              <hdop>1.41</hdop>
          </trkpt>
          <trkpt lat="14.0659785" lon="100.6339027">
              <ele>10.186</ele>
              <time>2020-12-15T03:58:05.854Z</time>
              <fix>3d</fix>
              <hdop>1.41</hdop>
          </trkpt>
          <trkpt lat="14.0659811" lon="100.6339026">
              <ele>10.188</ele>
              <time>2020-12-15T03:58:05.909Z</time>
              <fix>3d</fix>
              <hdop>1.41</hdop>
          </trkpt>
          <trkpt lat="14.0659839" lon="100.6339027">
              <ele>10.213</ele>
              <time>2020-12-15T03:58:05.964Z</time>
              <fix>3d</fix>
              <hdop>1.41</hdop>
          </trkpt>
          <trkpt lat="14.0659865" lon="100.6339028">
              <ele>10.157</ele>
              <time>2020-12-15T03:58:06.019Z</time>
              <fix>3d</fix>
              <hdop>1.41</hdop>
          </trkpt>
          <trkpt lat="14.0659893" lon="100.6339029">
              <ele>10.144</ele>
              <time>2020-12-15T03:58:06.074Z</time>
              <fix>3d</fix>
              <hdop>1.41</hdop>
          </trkpt>
          <trkpt lat="14.0659921" lon="100.633903">
              <ele>10.131</ele>
              <time>2020-12-15T03:58:06.129Z</time>
              <fix>3d</fix>
              <hdop>1.41</hdop>
          </trkpt>
          <trkpt lat="14.0659949" lon="100.6339027">
              <ele>10.142</ele>
              <time>2020-12-15T03:58:06.184Z</time>
              <fix>3d</fix>
              <hdop>1.41</hdop>
          </trkpt>
          <trkpt lat="14.0659977" lon="100.6339025">
              <ele>10.152</ele>
              <time>2020-12-15T03:58:06.239Z</time>
              <fix>3d</fix>
              <hdop>1.41</hdop>
          </trkpt>
          <trkpt lat="14.0660005" lon="100.6339022">
              <ele>10.19</ele>
              <time>2020-12-15T03:58:06.294Z</time>
              <fix>3d</fix>
              <hdop>1.41</hdop>
          </trkpt>
          <trkpt lat="14.0660034" lon="100.6339021">
              <ele>10.264</ele>
              <time>2020-12-15T03:58:06.349Z</time>
              <fix>3d</fix>
              <hdop>1.41</hdop>
          </trkpt>
          <trkpt lat="14.0660063" lon="100.6339019">
              <ele>10.295</ele>
              <time>2020-12-15T03:58:06.404Z</time>
              <fix>3d</fix>
              <hdop>1.41</hdop>
          </trkpt>
          <trkpt lat="14.066009" lon="100.6339016">
              <ele>10.333</ele>
              <time>2020-12-15T03:58:06.459Z</time>
              <fix>3d</fix>
              <hdop>1.41</hdop>
          </trkpt>
          <trkpt lat="14.0660119" lon="100.6339016">
              <ele>10.375</ele>
              <time>2020-12-15T03:58:06.514Z</time>
              <fix>3d</fix>
              <hdop>1.41</hdop>
          </trkpt>
          <trkpt lat="14.0660147" lon="100.6339017">
              <ele>10.42</ele>
              <time>2020-12-15T03:58:06.569Z</time>
              <fix>3d</fix>
              <hdop>1.41</hdop>
          </trkpt>
          <trkpt lat="14.0660176" lon="100.6339017">
              <ele>10.41</ele>
              <time>2020-12-15T03:58:06.624Z</time>
              <fix>3d</fix>
              <hdop>1.41</hdop>
          </trkpt>
          <trkpt lat="14.0660205" lon="100.6339017">
              <ele>10.417</ele>
              <time>2020-12-15T03:58:06.679Z</time>
              <fix>3d</fix>
              <hdop>1.41</hdop>
          </trkpt>
          <trkpt lat="14.0660232" lon="100.6339017">
              <ele>10.395</ele>
              <time>2020-12-15T03:58:06.734Z</time>
              <fix>3d</fix>
              <hdop>1.42</hdop>
          </trkpt>
          <trkpt lat="14.066026" lon="100.6339017">
              <ele>10.367</ele>
              <time>2020-12-15T03:58:06.786Z</time>
              <fix>3d</fix>
              <hdop>1.42</hdop>
          </trkpt>
          <trkpt lat="14.0660288" lon="100.6339017">
              <ele>10.359</ele>
              <time>2020-12-15T03:58:06.838Z</time>
              <fix>3d</fix>
              <hdop>1.42</hdop>
          </trkpt>
          <trkpt lat="14.0660318" lon="100.633902">
              <ele>10.315</ele>
              <time>2020-12-15T03:58:06.890Z</time>
              <fix>3d</fix>
              <hdop>1.42</hdop>
          </trkpt>
          <trkpt lat="14.0660349" lon="100.6339022">
              <ele>10.299</ele>
              <time>2020-12-15T03:58:06.942Z</time>
              <fix>3d</fix>
              <hdop>1.42</hdop>
          </trkpt>
          <trkpt lat="14.0660378" lon="100.6339023">
              <ele>10.316</ele>
              <time>2020-12-15T03:58:06.994Z</time>
              <fix>3d</fix>
              <hdop>1.42</hdop>
          </trkpt>
          <trkpt lat="14.0660407" lon="100.6339025">
              <ele>10.292</ele>
              <time>2020-12-15T03:58:07.046Z</time>
              <fix>3d</fix>
              <hdop>1.42</hdop>
          </trkpt>
          <trkpt lat="14.0660434" lon="100.6339026">
              <ele>10.278</ele>
              <time>2020-12-15T03:58:07.098Z</time>
              <fix>3d</fix>
              <hdop>1.42</hdop>
          </trkpt>
          <trkpt lat="14.0660463" lon="100.6339028">
              <ele>10.292</ele>
              <time>2020-12-15T03:58:07.150Z</time>
              <fix>3d</fix>
              <hdop>1.42</hdop>
          </trkpt>
          <trkpt lat="14.0660492" lon="100.6339027">
              <ele>10.288</ele>
              <time>2020-12-15T03:58:07.202Z</time>
              <fix>3d</fix>
              <hdop>1.42</hdop>
          </trkpt>
          <trkpt lat="14.066052" lon="100.633903">
              <ele>10.236</ele>
              <time>2020-12-15T03:58:07.255Z</time>
              <fix>3d</fix>
              <hdop>1.42</hdop>
          </trkpt>
          <trkpt lat="14.0660547" lon="100.6339032">
              <ele>10.168</ele>
              <time>2020-12-15T03:58:07.307Z</time>
              <fix>3d</fix>
              <hdop>1.42</hdop>
          </trkpt>
          <trkpt lat="14.0660575" lon="100.6339033">
              <ele>10.128</ele>
              <time>2020-12-15T03:58:07.359Z</time>
              <fix>3d</fix>
              <hdop>1.42</hdop>
          </trkpt>
          <trkpt lat="14.0660603" lon="100.6339035">
              <ele>10.121</ele>
              <time>2020-12-15T03:58:07.411Z</time>
              <fix>3d</fix>
              <hdop>1.42</hdop>
          </trkpt>
          <trkpt lat="14.066063" lon="100.6339037">
              <ele>10.103</ele>
              <time>2020-12-15T03:58:07.463Z</time>
              <fix>3d</fix>
              <hdop>1.42</hdop>
          </trkpt>
          <trkpt lat="14.0660658" lon="100.6339038">
              <ele>10.105</ele>
              <time>2020-12-15T03:58:07.515Z</time>
              <fix>3d</fix>
              <hdop>1.42</hdop>
          </trkpt>
          <trkpt lat="14.0660685" lon="100.633904">
              <ele>10.097</ele>
              <time>2020-12-15T03:58:07.567Z</time>
              <fix>3d</fix>
              <hdop>1.42</hdop>
          </trkpt>
          <trkpt lat="14.0660714" lon="100.6339041">
              <ele>10.093</ele>
              <time>2020-12-15T03:58:07.619Z</time>
              <fix>3d</fix>
              <hdop>1.42</hdop>
          </trkpt>
          <trkpt lat="14.0660742" lon="100.6339044">
              <ele>10.064</ele>
              <time>2020-12-15T03:58:07.671Z</time>
              <fix>3d</fix>
              <hdop>1.42</hdop>
          </trkpt>
          <trkpt lat="14.0660772" lon="100.6339044">
              <ele>10.026</ele>
              <time>2020-12-15T03:58:07.724Z</time>
              <fix>3d</fix>
              <hdop>1.42</hdop>
          </trkpt>
          <trkpt lat="14.06608" lon="100.6339045">
              <ele>10.003</ele>
              <time>2020-12-15T03:58:07.785Z</time>
              <fix>3d</fix>
              <hdop>1.42</hdop>
          </trkpt>
          <trkpt lat="14.0660829" lon="100.6339045">
              <ele>9.959</ele>
              <time>2020-12-15T03:58:07.846Z</time>
              <fix>3d</fix>
              <hdop>1.42</hdop>
          </trkpt>
          <trkpt lat="14.0660857" lon="100.6339046">
              <ele>9.943</ele>
              <time>2020-12-15T03:58:07.908Z</time>
              <fix>3d</fix>
              <hdop>1.42</hdop>
          </trkpt>
          <trkpt lat="14.0660885" lon="100.6339044">
              <ele>9.932</ele>
              <time>2020-12-15T03:58:07.969Z</time>
              <fix>3d</fix>
              <hdop>1.42</hdop>
          </trkpt>
          <trkpt lat="14.0660914" lon="100.6339045">
              <ele>9.963</ele>
              <time>2020-12-15T03:58:08.031Z</time>
              <fix>3d</fix>
              <hdop>1.42</hdop>
          </trkpt>
          <trkpt lat="14.0660941" lon="100.6339046">
              <ele>9.97</ele>
              <time>2020-12-15T03:58:08.092Z</time>
              <fix>3d</fix>
              <hdop>1.42</hdop>
          </trkpt>
          <trkpt lat="14.066097" lon="100.6339046">
              <ele>9.912</ele>
              <time>2020-12-15T03:58:08.154Z</time>
              <fix>3d</fix>
              <hdop>1.42</hdop>
          </trkpt>
          <trkpt lat="14.0660999" lon="100.6339046">
              <ele>9.897</ele>
              <time>2020-12-15T03:58:08.215Z</time>
              <fix>3d</fix>
              <hdop>1.42</hdop>
          </trkpt>
          <trkpt lat="14.0661028" lon="100.6339046">
              <ele>9.887</ele>
              <time>2020-12-15T03:58:08.277Z</time>
              <fix>3d</fix>
              <hdop>1.42</hdop>
          </trkpt>
          <trkpt lat="14.0661055" lon="100.6339047">
              <ele>9.856</ele>
              <time>2020-12-15T03:58:08.338Z</time>
              <fix>3d</fix>
              <hdop>1.42</hdop>
          </trkpt>
          <trkpt lat="14.0661083" lon="100.6339047">
              <ele>9.837</ele>
              <time>2020-12-15T03:58:08.400Z</time>
              <fix>3d</fix>
              <hdop>1.42</hdop>
          </trkpt>
          <trkpt lat="14.0661112" lon="100.6339046">
              <ele>9.834</ele>
              <time>2020-12-15T03:58:08.461Z</time>
              <fix>3d</fix>
              <hdop>1.42</hdop>
          </trkpt>
          <trkpt lat="14.0661139" lon="100.6339044">
              <ele>9.805</ele>
              <time>2020-12-15T03:58:08.523Z</time>
              <fix>3d</fix>
              <hdop>1.42</hdop>
          </trkpt>
          <trkpt lat="14.0661167" lon="100.6339044">
              <ele>9.796</ele>
              <time>2020-12-15T03:58:08.584Z</time>
              <fix>3d</fix>
              <hdop>1.42</hdop>
          </trkpt>
          <trkpt lat="14.0661197" lon="100.6339044">
              <ele>9.812</ele>
              <time>2020-12-15T03:58:08.646Z</time>
              <fix>3d</fix>
              <hdop>1.42</hdop>
          </trkpt>
          <trkpt lat="14.0661225" lon="100.6339044">
              <ele>9.805</ele>
              <time>2020-12-15T03:58:08.707Z</time>
              <fix>3d</fix>
              <hdop>1.42</hdop>
          </trkpt>
          <trkpt lat="14.0661252" lon="100.6339045">
              <ele>9.786</ele>
              <time>2020-12-15T03:58:08.769Z</time>
              <fix>3d</fix>
              <hdop>1.42</hdop>
          </trkpt>
          <trkpt lat="14.066128" lon="100.6339045">
              <ele>9.813</ele>
              <time>2020-12-15T03:58:08.821Z</time>
              <fix>3d</fix>
              <hdop>1.42</hdop>
          </trkpt>
          <trkpt lat="14.0661309" lon="100.6339044">
              <ele>9.83</ele>
              <time>2020-12-15T03:58:08.873Z</time>
              <fix>3d</fix>
              <hdop>1.42</hdop>
          </trkpt>
          <trkpt lat="14.0661337" lon="100.6339043">
              <ele>9.822</ele>
              <time>2020-12-15T03:58:08.925Z</time>
              <fix>3d</fix>
              <hdop>1.42</hdop>
          </trkpt>
          <trkpt lat="14.0661364" lon="100.6339042">
              <ele>9.831</ele>
              <time>2020-12-15T03:58:08.977Z</time>
              <fix>3d</fix>
              <hdop>1.42</hdop>
          </trkpt>
          <trkpt lat="14.0661393" lon="100.633904">
              <ele>9.854</ele>
              <time>2020-12-15T03:58:09.029Z</time>
              <fix>3d</fix>
              <hdop>1.42</hdop>
          </trkpt>
          <trkpt lat="14.0661422" lon="100.6339038">
              <ele>9.866</ele>
              <time>2020-12-15T03:58:09.081Z</time>
              <fix>3d</fix>
              <hdop>1.42</hdop>
          </trkpt>
          <trkpt lat="14.066145" lon="100.6339035">
              <ele>9.863</ele>
              <time>2020-12-15T03:58:09.133Z</time>
              <fix>3d</fix>
              <hdop>1.42</hdop>
          </trkpt>
          <trkpt lat="14.0661478" lon="100.6339035">
              <ele>9.839</ele>
              <time>2020-12-15T03:58:09.185Z</time>
              <fix>3d</fix>
              <hdop>1.42</hdop>
          </trkpt>
          <trkpt lat="14.0661505" lon="100.6339034">
              <ele>9.867</ele>
              <time>2020-12-15T03:58:09.237Z</time>
              <fix>3d</fix>
              <hdop>1.42</hdop>
          </trkpt>
          <trkpt lat="14.0661534" lon="100.6339033">
              <ele>9.895</ele>
              <time>2020-12-15T03:58:09.290Z</time>
              <fix>3d</fix>
              <hdop>1.42</hdop>
          </trkpt>
          <trkpt lat="14.0661562" lon="100.6339033">
              <ele>9.88</ele>
              <time>2020-12-15T03:58:09.342Z</time>
              <fix>3d</fix>
              <hdop>1.42</hdop>
          </trkpt>
          <trkpt lat="14.0661592" lon="100.6339033">
              <ele>9.893</ele>
              <time>2020-12-15T03:58:09.394Z</time>
              <fix>3d</fix>
              <hdop>1.42</hdop>
          </trkpt>
          <trkpt lat="14.0661618" lon="100.6339035">
              <ele>9.888</ele>
              <time>2020-12-15T03:58:09.446Z</time>
              <fix>3d</fix>
              <hdop>1.42</hdop>
          </trkpt>
          <trkpt lat="14.0661646" lon="100.6339033">
              <ele>9.873</ele>
              <time>2020-12-15T03:58:09.498Z</time>
              <fix>3d</fix>
              <hdop>1.42</hdop>
          </trkpt>
          <trkpt lat="14.0661674" lon="100.6339034">
              <ele>9.854</ele>
              <time>2020-12-15T03:58:09.550Z</time>
              <fix>3d</fix>
              <hdop>1.42</hdop>
          </trkpt>
          <trkpt lat="14.0661702" lon="100.6339035">
              <ele>9.86</ele>
              <time>2020-12-15T03:58:09.602Z</time>
              <fix>3d</fix>
              <hdop>1.42</hdop>
          </trkpt>
          <trkpt lat="14.066173" lon="100.6339035">
              <ele>9.846</ele>
              <time>2020-12-15T03:58:09.654Z</time>
              <fix>3d</fix>
              <hdop>1.42</hdop>
          </trkpt>
          <trkpt lat="14.0661759" lon="100.6339034">
              <ele>9.825</ele>
              <time>2020-12-15T03:58:09.706Z</time>
              <fix>3d</fix>
              <hdop>1.42</hdop>
          </trkpt>
          <trkpt lat="14.0661787" lon="100.6339034">
              <ele>9.829</ele>
              <time>2020-12-15T03:58:09.759Z</time>
              <fix>3d</fix>
              <hdop>1.28</hdop>
          </trkpt>
          <trkpt lat="14.0661814" lon="100.6339035">
              <ele>9.839</ele>
              <time>2020-12-15T03:58:09.814Z</time>
              <fix>3d</fix>
              <hdop>1.28</hdop>
          </trkpt>
          <trkpt lat="14.0661842" lon="100.6339037">
              <ele>9.824</ele>
              <time>2020-12-15T03:58:09.869Z</time>
              <fix>3d</fix>
              <hdop>1.28</hdop>
          </trkpt>
          <trkpt lat="14.0661869" lon="100.6339036">
              <ele>9.817</ele>
              <time>2020-12-15T03:58:09.924Z</time>
              <fix>3d</fix>
              <hdop>1.28</hdop>
          </trkpt>
          <trkpt lat="14.0661896" lon="100.6339036">
              <ele>9.828</ele>
              <time>2020-12-15T03:58:09.979Z</time>
              <fix>3d</fix>
              <hdop>1.28</hdop>
          </trkpt>
          <trkpt lat="14.0661925" lon="100.6339036">
              <ele>9.851</ele>
              <time>2020-12-15T03:58:10.034Z</time>
              <fix>3d</fix>
              <hdop>1.28</hdop>
          </trkpt>
          <trkpt lat="14.0661953" lon="100.6339038">
              <ele>9.826</ele>
              <time>2020-12-15T03:58:10.089Z</time>
              <fix>3d</fix>
              <hdop>1.28</hdop>
          </trkpt>
          <trkpt lat="14.066198" lon="100.6339039">
              <ele>9.836</ele>
              <time>2020-12-15T03:58:10.144Z</time>
              <fix>3d</fix>
              <hdop>1.28</hdop>
          </trkpt>
          <trkpt lat="14.0662007" lon="100.6339038">
              <ele>9.842</ele>
              <time>2020-12-15T03:58:10.199Z</time>
              <fix>3d</fix>
              <hdop>1.28</hdop>
          </trkpt>
          <trkpt lat="14.0662035" lon="100.6339038">
              <ele>9.854</ele>
              <time>2020-12-15T03:58:10.254Z</time>
              <fix>3d</fix>
              <hdop>1.28</hdop>
          </trkpt>
          <trkpt lat="14.0662063" lon="100.6339039">
              <ele>9.846</ele>
              <time>2020-12-15T03:58:10.309Z</time>
              <fix>3d</fix>
              <hdop>1.28</hdop>
          </trkpt>
          <trkpt lat="14.066209" lon="100.6339039">
              <ele>9.833</ele>
              <time>2020-12-15T03:58:10.364Z</time>
              <fix>3d</fix>
              <hdop>1.28</hdop>
          </trkpt>
          <trkpt lat="14.0662119" lon="100.6339042">
              <ele>9.833</ele>
              <time>2020-12-15T03:58:10.419Z</time>
              <fix>3d</fix>
              <hdop>1.28</hdop>
          </trkpt>
          <trkpt lat="14.0662146" lon="100.6339043">
              <ele>9.828</ele>
              <time>2020-12-15T03:58:10.474Z</time>
              <fix>3d</fix>
              <hdop>1.28</hdop>
          </trkpt>
          <trkpt lat="14.0662174" lon="100.6339042">
              <ele>9.775</ele>
              <time>2020-12-15T03:58:10.529Z</time>
              <fix>3d</fix>
              <hdop>1.28</hdop>
          </trkpt>
          <trkpt lat="14.0662203" lon="100.6339041">
              <ele>9.778</ele>
              <time>2020-12-15T03:58:10.584Z</time>
              <fix>3d</fix>
              <hdop>1.28</hdop>
          </trkpt>
          <trkpt lat="14.066223" lon="100.633904">
              <ele>9.792</ele>
              <time>2020-12-15T03:58:10.639Z</time>
              <fix>3d</fix>
              <hdop>1.28</hdop>
          </trkpt>
          <trkpt lat="14.0662257" lon="100.6339039">
              <ele>9.823</ele>
              <time>2020-12-15T03:58:10.694Z</time>
              <fix>3d</fix>
              <hdop>1.28</hdop>
          </trkpt>
          <trkpt lat="14.0662285" lon="100.6339039">
              <ele>9.841</ele>
              <time>2020-12-15T03:58:10.749Z</time>
              <fix>3d</fix>
              <hdop>1.28</hdop>
          </trkpt>
          <trkpt lat="14.0662313" lon="100.6339037">
              <ele>9.867</ele>
              <time>2020-12-15T03:58:10.804Z</time>
              <fix>3d</fix>
              <hdop>1.28</hdop>
          </trkpt>
          <trkpt lat="14.0662342" lon="100.6339035">
              <ele>9.918</ele>
              <time>2020-12-15T03:58:10.859Z</time>
              <fix>3d</fix>
              <hdop>1.28</hdop>
          </trkpt>
          <trkpt lat="14.0662369" lon="100.6339034">
              <ele>9.977</ele>
              <time>2020-12-15T03:58:10.914Z</time>
              <fix>3d</fix>
              <hdop>1.28</hdop>
          </trkpt>
          <trkpt lat="14.0662397" lon="100.6339034">
              <ele>9.962</ele>
              <time>2020-12-15T03:58:10.969Z</time>
              <fix>3d</fix>
              <hdop>1.28</hdop>
          </trkpt>
          <trkpt lat="14.0662425" lon="100.6339035">
              <ele>9.979</ele>
              <time>2020-12-15T03:58:11.024Z</time>
              <fix>3d</fix>
              <hdop>1.28</hdop>
          </trkpt>
          <trkpt lat="14.0662455" lon="100.6339035">
              <ele>10.011</ele>
              <time>2020-12-15T03:58:11.079Z</time>
              <fix>3d</fix>
              <hdop>1.28</hdop>
          </trkpt>
          <trkpt lat="14.0662483" lon="100.6339035">
              <ele>10.036</ele>
              <time>2020-12-15T03:58:11.134Z</time>
              <fix>3d</fix>
              <hdop>1.28</hdop>
          </trkpt>
          <trkpt lat="14.0662511" lon="100.6339035">
              <ele>10.068</ele>
              <time>2020-12-15T03:58:11.189Z</time>
              <fix>3d</fix>
              <hdop>1.28</hdop>
          </trkpt>
          <trkpt lat="14.0662537" lon="100.6339035">
              <ele>10.095</ele>
              <time>2020-12-15T03:58:11.244Z</time>
              <fix>3d</fix>
              <hdop>1.28</hdop>
          </trkpt>
          <trkpt lat="14.0662565" lon="100.6339033">
              <ele>10.15</ele>
              <time>2020-12-15T03:58:11.299Z</time>
              <fix>3d</fix>
              <hdop>1.28</hdop>
          </trkpt>
          <trkpt lat="14.0662591" lon="100.6339033">
              <ele>10.129</ele>
              <time>2020-12-15T03:58:11.354Z</time>
              <fix>3d</fix>
              <hdop>1.28</hdop>
          </trkpt>
          <trkpt lat="14.0662616" lon="100.6339034">
              <ele>10.12</ele>
              <time>2020-12-15T03:58:11.409Z</time>
              <fix>3d</fix>
              <hdop>1.28</hdop>
          </trkpt>
          <trkpt lat="14.0662644" lon="100.6339035">
              <ele>10.164</ele>
              <time>2020-12-15T03:58:11.464Z</time>
              <fix>3d</fix>
              <hdop>1.28</hdop>
          </trkpt>
          <trkpt lat="14.0662674" lon="100.6339036">
              <ele>10.168</ele>
              <time>2020-12-15T03:58:11.519Z</time>
              <fix>3d</fix>
              <hdop>1.28</hdop>
          </trkpt>
          <trkpt lat="14.0662702" lon="100.6339034">
              <ele>10.186</ele>
              <time>2020-12-15T03:58:11.574Z</time>
              <fix>3d</fix>
              <hdop>1.28</hdop>
          </trkpt>
          <trkpt lat="14.0662728" lon="100.6339034">
              <ele>10.209</ele>
              <time>2020-12-15T03:58:11.629Z</time>
              <fix>3d</fix>
              <hdop>1.28</hdop>
          </trkpt>
          <trkpt lat="14.0662755" lon="100.6339033">
              <ele>10.232</ele>
              <time>2020-12-15T03:58:11.684Z</time>
              <fix>3d</fix>
              <hdop>1.28</hdop>
          </trkpt>
          <trkpt lat="14.0662782" lon="100.6339032">
              <ele>10.245</ele>
              <time>2020-12-15T03:58:11.739Z</time>
              <fix>3d</fix>
              <hdop>1.28</hdop>
          </trkpt>
          <trkpt lat="14.066281" lon="100.6339033">
              <ele>10.28</ele>
              <time>2020-12-15T03:58:11.794Z</time>
              <fix>3d</fix>
              <hdop>1.28</hdop>
          </trkpt>
          <trkpt lat="14.0662838" lon="100.6339034">
              <ele>10.312</ele>
              <time>2020-12-15T03:58:11.849Z</time>
              <fix>3d</fix>
              <hdop>1.28</hdop>
          </trkpt>
          <trkpt lat="14.0662865" lon="100.6339034">
              <ele>10.329</ele>
              <time>2020-12-15T03:58:11.904Z</time>
              <fix>3d</fix>
              <hdop>1.28</hdop>
          </trkpt>
          <trkpt lat="14.0662893" lon="100.6339035">
              <ele>10.382</ele>
              <time>2020-12-15T03:58:11.959Z</time>
              <fix>3d</fix>
              <hdop>1.28</hdop>
          </trkpt>
          <trkpt lat="14.066292" lon="100.6339037">
              <ele>10.407</ele>
              <time>2020-12-15T03:58:12.014Z</time>
              <fix>3d</fix>
              <hdop>1.28</hdop>
          </trkpt>
          <trkpt lat="14.0662947" lon="100.6339038">
              <ele>10.432</ele>
              <time>2020-12-15T03:58:12.069Z</time>
              <fix>3d</fix>
              <hdop>1.28</hdop>
          </trkpt>
          <trkpt lat="14.0662975" lon="100.6339039">
              <ele>10.486</ele>
              <time>2020-12-15T03:58:12.124Z</time>
              <fix>3d</fix>
              <hdop>1.28</hdop>
          </trkpt>
          <trkpt lat="14.0663001" lon="100.6339039">
              <ele>10.514</ele>
              <time>2020-12-15T03:58:12.179Z</time>
              <fix>3d</fix>
              <hdop>1.28</hdop>
          </trkpt>
          <trkpt lat="14.0663029" lon="100.6339039">
              <ele>10.533</ele>
              <time>2020-12-15T03:58:12.234Z</time>
              <fix>3d</fix>
              <hdop>1.28</hdop>
          </trkpt>
          <trkpt lat="14.0663055" lon="100.6339038">
              <ele>10.554</ele>
              <time>2020-12-15T03:58:12.289Z</time>
              <fix>3d</fix>
              <hdop>1.28</hdop>
          </trkpt>
          <trkpt lat="14.0663083" lon="100.6339038">
              <ele>10.593</ele>
              <time>2020-12-15T03:58:12.344Z</time>
              <fix>3d</fix>
              <hdop>1.28</hdop>
          </trkpt>
          <trkpt lat="14.0663111" lon="100.6339039">
              <ele>10.652</ele>
              <time>2020-12-15T03:58:12.399Z</time>
              <fix>3d</fix>
              <hdop>1.28</hdop>
          </trkpt>
          <trkpt lat="14.0663137" lon="100.6339041">
              <ele>10.635</ele>
              <time>2020-12-15T03:58:12.454Z</time>
              <fix>3d</fix>
              <hdop>1.28</hdop>
          </trkpt>
          <trkpt lat="14.0663163" lon="100.6339042">
              <ele>10.641</ele>
              <time>2020-12-15T03:58:12.509Z</time>
              <fix>3d</fix>
              <hdop>1.28</hdop>
          </trkpt>
          <trkpt lat="14.0663189" lon="100.6339044">
              <ele>10.641</ele>
              <time>2020-12-15T03:58:12.564Z</time>
              <fix>3d</fix>
              <hdop>1.28</hdop>
          </trkpt>
          <trkpt lat="14.0663216" lon="100.6339046">
              <ele>10.688</ele>
              <time>2020-12-15T03:58:12.619Z</time>
              <fix>3d</fix>
              <hdop>1.28</hdop>
          </trkpt>
          <trkpt lat="14.0663241" lon="100.6339047">
              <ele>10.709</ele>
              <time>2020-12-15T03:58:12.674Z</time>
              <fix>3d</fix>
              <hdop>1.28</hdop>
          </trkpt>
          <trkpt lat="14.0663268" lon="100.6339047">
              <ele>10.739</ele>
              <time>2020-12-15T03:58:12.729Z</time>
              <fix>3d</fix>
              <hdop>1.28</hdop>
          </trkpt>
          <trkpt lat="14.0663296" lon="100.6339047">
              <ele>10.739</ele>
              <time>2020-12-15T03:58:12.784Z</time>
              <fix>3d</fix>
              <hdop>1.28</hdop>
          </trkpt>
          <trkpt lat="14.0663322" lon="100.6339046">
              <ele>10.766</ele>
              <time>2020-12-15T03:58:12.839Z</time>
              <fix>3d</fix>
              <hdop>1.28</hdop>
          </trkpt>
          <trkpt lat="14.0663349" lon="100.6339046">
              <ele>10.769</ele>
              <time>2020-12-15T03:58:12.894Z</time>
              <fix>3d</fix>
              <hdop>1.28</hdop>
          </trkpt>
          <trkpt lat="14.0663375" lon="100.6339047">
              <ele>10.718</ele>
              <time>2020-12-15T03:58:12.949Z</time>
              <fix>3d</fix>
              <hdop>1.28</hdop>
          </trkpt>
          <trkpt lat="14.06634" lon="100.6339051">
              <ele>10.701</ele>
              <time>2020-12-15T03:58:13.004Z</time>
              <fix>3d</fix>
              <hdop>1.28</hdop>
          </trkpt>
          <trkpt lat="14.0663426" lon="100.6339053">
              <ele>10.712</ele>
              <time>2020-12-15T03:58:13.059Z</time>
              <fix>3d</fix>
              <hdop>1.28</hdop>
          </trkpt>
          <trkpt lat="14.0663452" lon="100.6339056">
              <ele>10.721</ele>
              <time>2020-12-15T03:58:13.114Z</time>
              <fix>3d</fix>
              <hdop>1.28</hdop>
          </trkpt>
          <trkpt lat="14.0663478" lon="100.6339059">
              <ele>10.699</ele>
              <time>2020-12-15T03:58:13.169Z</time>
              <fix>3d</fix>
              <hdop>1.28</hdop>
          </trkpt>
          <trkpt lat="14.0663503" lon="100.6339063">
              <ele>10.67</ele>
              <time>2020-12-15T03:58:13.224Z</time>
              <fix>3d</fix>
              <hdop>1.28</hdop>
          </trkpt>
          <trkpt lat="14.0663529" lon="100.6339064">
              <ele>10.663</ele>
              <time>2020-12-15T03:58:13.279Z</time>
              <fix>3d</fix>
              <hdop>1.28</hdop>
          </trkpt>
          <trkpt lat="14.0663556" lon="100.6339065">
              <ele>10.654</ele>
              <time>2020-12-15T03:58:13.334Z</time>
              <fix>3d</fix>
              <hdop>1.28</hdop>
          </trkpt>
          <trkpt lat="14.0663581" lon="100.6339068">
              <ele>10.621</ele>
              <time>2020-12-15T03:58:13.389Z</time>
              <fix>3d</fix>
              <hdop>1.28</hdop>
          </trkpt>
          <trkpt lat="14.0663606" lon="100.633907">
              <ele>10.599</ele>
              <time>2020-12-15T03:58:13.444Z</time>
              <fix>3d</fix>
              <hdop>1.28</hdop>
          </trkpt>
          <trkpt lat="14.0663631" lon="100.6339072">
              <ele>10.602</ele>
              <time>2020-12-15T03:58:13.499Z</time>
              <fix>3d</fix>
              <hdop>1.28</hdop>
          </trkpt>
          <trkpt lat="14.0663658" lon="100.6339073">
              <ele>10.609</ele>
              <time>2020-12-15T03:58:13.554Z</time>
              <fix>3d</fix>
              <hdop>1.28</hdop>
          </trkpt>
          <trkpt lat="14.0663684" lon="100.6339072">
              <ele>10.615</ele>
              <time>2020-12-15T03:58:13.609Z</time>
              <fix>3d</fix>
              <hdop>1.28</hdop>
          </trkpt>
          <trkpt lat="14.066371" lon="100.6339073">
              <ele>10.596</ele>
              <time>2020-12-15T03:58:13.664Z</time>
              <fix>3d</fix>
              <hdop>1.28</hdop>
          </trkpt>
          <trkpt lat="14.0663736" lon="100.6339075">
              <ele>10.597</ele>
              <time>2020-12-15T03:58:13.719Z</time>
              <fix>3d</fix>
              <hdop>1.28</hdop>
          </trkpt>
          <trkpt lat="14.0663761" lon="100.6339078">
              <ele>10.538</ele>
              <time>2020-12-15T03:58:13.774Z</time>
              <fix>3d</fix>
              <hdop>1.28</hdop>
          </trkpt>
          <trkpt lat="14.0663786" lon="100.6339081">
              <ele>10.547</ele>
              <time>2020-12-15T03:58:13.829Z</time>
              <fix>3d</fix>
              <hdop>1.28</hdop>
          </trkpt>
          <trkpt lat="14.0663811" lon="100.6339082">
              <ele>10.542</ele>
              <time>2020-12-15T03:58:13.884Z</time>
              <fix>3d</fix>
              <hdop>1.28</hdop>
          </trkpt>
          <trkpt lat="14.0663836" lon="100.6339084">
              <ele>10.529</ele>
              <time>2020-12-15T03:58:13.939Z</time>
              <fix>3d</fix>
              <hdop>1.28</hdop>
          </trkpt>
          <trkpt lat="14.0663863" lon="100.6339085">
              <ele>10.523</ele>
              <time>2020-12-15T03:58:13.994Z</time>
              <fix>3d</fix>
              <hdop>1.28</hdop>
          </trkpt>
          <trkpt lat="14.0663889" lon="100.6339085">
              <ele>10.531</ele>
              <time>2020-12-15T03:58:14.049Z</time>
              <fix>3d</fix>
              <hdop>1.28</hdop>
          </trkpt>
          <trkpt lat="14.0663914" lon="100.6339088">
              <ele>10.529</ele>
              <time>2020-12-15T03:58:14.104Z</time>
              <fix>3d</fix>
              <hdop>1.28</hdop>
          </trkpt>
          <trkpt lat="14.066394" lon="100.633909">
              <ele>10.51</ele>
              <time>2020-12-15T03:58:14.159Z</time>
              <fix>3d</fix>
              <hdop>1.28</hdop>
          </trkpt>
          <trkpt lat="14.0663965" lon="100.6339093">
              <ele>10.462</ele>
              <time>2020-12-15T03:58:14.214Z</time>
              <fix>3d</fix>
              <hdop>1.28</hdop>
          </trkpt>
          <trkpt lat="14.0663989" lon="100.6339098">
              <ele>10.431</ele>
              <time>2020-12-15T03:58:14.269Z</time>
              <fix>3d</fix>
              <hdop>1.28</hdop>
          </trkpt>
          <trkpt lat="14.0664015" lon="100.63391">
              <ele>10.389</ele>
              <time>2020-12-15T03:58:14.324Z</time>
              <fix>3d</fix>
              <hdop>1.28</hdop>
          </trkpt>
          <trkpt lat="14.0664039" lon="100.6339103">
              <ele>10.353</ele>
              <time>2020-12-15T03:58:14.379Z</time>
              <fix>3d</fix>
              <hdop>1.28</hdop>
          </trkpt>
          <trkpt lat="14.0664063" lon="100.6339107">
              <ele>10.29</ele>
              <time>2020-12-15T03:58:14.434Z</time>
              <fix>3d</fix>
              <hdop>1.28</hdop>
          </trkpt>
          <trkpt lat="14.0664089" lon="100.6339109">
              <ele>10.273</ele>
              <time>2020-12-15T03:58:14.489Z</time>
              <fix>3d</fix>
              <hdop>1.28</hdop>
          </trkpt>
          <trkpt lat="14.0664114" lon="100.6339111">
              <ele>10.225</ele>
              <time>2020-12-15T03:58:14.544Z</time>
              <fix>3d</fix>
              <hdop>1.28</hdop>
          </trkpt>
          <trkpt lat="14.0664138" lon="100.6339112">
              <ele>10.182</ele>
              <time>2020-12-15T03:58:14.599Z</time>
              <fix>3d</fix>
              <hdop>1.28</hdop>
          </trkpt>
          <trkpt lat="14.0664164" lon="100.6339113">
              <ele>10.166</ele>
              <time>2020-12-15T03:58:14.654Z</time>
              <fix>3d</fix>
              <hdop>1.28</hdop>
          </trkpt>
          <trkpt lat="14.0664189" lon="100.6339115">
              <ele>10.12</ele>
              <time>2020-12-15T03:58:14.709Z</time>
              <fix>3d</fix>
              <hdop>1.28</hdop>
          </trkpt>
          <trkpt lat="14.0664214" lon="100.6339118">
              <ele>10.072</ele>
              <time>2020-12-15T03:58:14.764Z</time>
              <fix>3d</fix>
              <hdop>1.3</hdop>
          </trkpt>
          <trkpt lat="14.0664238" lon="100.6339121">
              <ele>10.006</ele>
              <time>2020-12-15T03:58:14.819Z</time>
              <fix>3d</fix>
              <hdop>1.3</hdop>
          </trkpt>
          <trkpt lat="14.0664264" lon="100.6339125">
              <ele>9.988</ele>
              <time>2020-12-15T03:58:14.874Z</time>
              <fix>3d</fix>
              <hdop>1.3</hdop>
          </trkpt>
          <trkpt lat="14.0664289" lon="100.6339125">
              <ele>9.956</ele>
              <time>2020-12-15T03:58:14.929Z</time>
              <fix>3d</fix>
              <hdop>1.3</hdop>
          </trkpt>
          <trkpt lat="14.0664311" lon="100.6339127">
              <ele>9.934</ele>
              <time>2020-12-15T03:58:14.984Z</time>
              <fix>3d</fix>
              <hdop>1.3</hdop>
          </trkpt>
          <trkpt lat="14.0664336" lon="100.6339131">
              <ele>9.9</ele>
              <time>2020-12-15T03:58:15.039Z</time>
              <fix>3d</fix>
              <hdop>1.3</hdop>
          </trkpt>
          <trkpt lat="14.0664361" lon="100.6339132">
              <ele>9.867</ele>
              <time>2020-12-15T03:58:15.094Z</time>
              <fix>3d</fix>
              <hdop>1.3</hdop>
          </trkpt>
          <trkpt lat="14.0664386" lon="100.6339136">
              <ele>9.807</ele>
              <time>2020-12-15T03:58:15.149Z</time>
              <fix>3d</fix>
              <hdop>1.3</hdop>
          </trkpt>
          <trkpt lat="14.066441" lon="100.6339139">
              <ele>9.74</ele>
              <time>2020-12-15T03:58:15.204Z</time>
              <fix>3d</fix>
              <hdop>1.3</hdop>
          </trkpt>
          <trkpt lat="14.0664433" lon="100.6339141">
              <ele>9.672</ele>
              <time>2020-12-15T03:58:15.259Z</time>
              <fix>3d</fix>
              <hdop>1.3</hdop>
          </trkpt>
          <trkpt lat="14.0664457" lon="100.6339144">
              <ele>9.644</ele>
              <time>2020-12-15T03:58:15.314Z</time>
              <fix>3d</fix>
              <hdop>1.3</hdop>
          </trkpt>
          <trkpt lat="14.0664482" lon="100.6339146">
              <ele>9.623</ele>
              <time>2020-12-15T03:58:15.369Z</time>
              <fix>3d</fix>
              <hdop>1.3</hdop>
          </trkpt>
          <trkpt lat="14.0664507" lon="100.6339148">
              <ele>9.603</ele>
              <time>2020-12-15T03:58:15.424Z</time>
              <fix>3d</fix>
              <hdop>1.3</hdop>
          </trkpt>
          <trkpt lat="14.0664533" lon="100.633915">
              <ele>9.574</ele>
              <time>2020-12-15T03:58:15.479Z</time>
              <fix>3d</fix>
              <hdop>1.3</hdop>
          </trkpt>
          <trkpt lat="14.0664558" lon="100.6339152">
              <ele>9.55</ele>
              <time>2020-12-15T03:58:15.534Z</time>
              <fix>3d</fix>
              <hdop>1.3</hdop>
          </trkpt>
          <trkpt lat="14.0664584" lon="100.6339154">
              <ele>9.567</ele>
              <time>2020-12-15T03:58:15.589Z</time>
              <fix>3d</fix>
              <hdop>1.3</hdop>
          </trkpt>
          <trkpt lat="14.0664609" lon="100.6339156">
              <ele>9.564</ele>
              <time>2020-12-15T03:58:15.644Z</time>
              <fix>3d</fix>
              <hdop>1.3</hdop>
          </trkpt>
          <trkpt lat="14.0664634" lon="100.6339155">
              <ele>9.579</ele>
              <time>2020-12-15T03:58:15.699Z</time>
              <fix>3d</fix>
              <hdop>1.3</hdop>
          </trkpt>
          <trkpt lat="14.0664658" lon="100.6339154">
              <ele>9.596</ele>
              <time>2020-12-15T03:58:15.754Z</time>
              <fix>3d</fix>
              <hdop>1.52</hdop>
          </trkpt>
          <trkpt lat="14.0664685" lon="100.6339152">
              <ele>9.616</ele>
              <time>2020-12-15T03:58:15.806Z</time>
              <fix>3d</fix>
              <hdop>1.52</hdop>
          </trkpt>
          <trkpt lat="14.0664711" lon="100.6339152">
              <ele>9.646</ele>
              <time>2020-12-15T03:58:15.858Z</time>
              <fix>3d</fix>
              <hdop>1.52</hdop>
          </trkpt>
          <trkpt lat="14.0664736" lon="100.6339154">
              <ele>9.659</ele>
              <time>2020-12-15T03:58:15.910Z</time>
              <fix>3d</fix>
              <hdop>1.52</hdop>
          </trkpt>
          <trkpt lat="14.0664761" lon="100.6339152">
              <ele>9.691</ele>
              <time>2020-12-15T03:58:15.962Z</time>
              <fix>3d</fix>
              <hdop>1.52</hdop>
          </trkpt>
          <trkpt lat="14.0664786" lon="100.6339151">
              <ele>9.682</ele>
              <time>2020-12-15T03:58:16.014Z</time>
              <fix>3d</fix>
              <hdop>1.52</hdop>
          </trkpt>
          <trkpt lat="14.0664811" lon="100.6339153">
              <ele>9.702</ele>
              <time>2020-12-15T03:58:16.066Z</time>
              <fix>3d</fix>
              <hdop>1.52</hdop>
          </trkpt>
          <trkpt lat="14.0664836" lon="100.6339155">
              <ele>9.728</ele>
              <time>2020-12-15T03:58:16.118Z</time>
              <fix>3d</fix>
              <hdop>1.52</hdop>
          </trkpt>
          <trkpt lat="14.0664862" lon="100.6339156">
              <ele>9.745</ele>
              <time>2020-12-15T03:58:16.170Z</time>
              <fix>3d</fix>
              <hdop>1.52</hdop>
          </trkpt>
          <trkpt lat="14.0664887" lon="100.6339154">
              <ele>9.756</ele>
              <time>2020-12-15T03:58:16.222Z</time>
              <fix>3d</fix>
              <hdop>1.52</hdop>
          </trkpt>
          <trkpt lat="14.0664912" lon="100.6339154">
              <ele>9.783</ele>
              <time>2020-12-15T03:58:16.275Z</time>
              <fix>3d</fix>
              <hdop>1.52</hdop>
          </trkpt>
          <trkpt lat="14.0664936" lon="100.6339155">
              <ele>9.776</ele>
              <time>2020-12-15T03:58:16.327Z</time>
              <fix>3d</fix>
              <hdop>1.52</hdop>
          </trkpt>
          <trkpt lat="14.0664963" lon="100.6339156">
              <ele>9.796</ele>
              <time>2020-12-15T03:58:16.379Z</time>
              <fix>3d</fix>
              <hdop>1.52</hdop>
          </trkpt>
          <trkpt lat="14.0664989" lon="100.6339156">
              <ele>9.803</ele>
              <time>2020-12-15T03:58:16.431Z</time>
              <fix>3d</fix>
              <hdop>1.52</hdop>
          </trkpt>
          <trkpt lat="14.0665012" lon="100.6339159">
              <ele>9.807</ele>
              <time>2020-12-15T03:58:16.483Z</time>
              <fix>3d</fix>
              <hdop>1.52</hdop>
          </trkpt>
          <trkpt lat="14.0665036" lon="100.6339161">
              <ele>9.816</ele>
              <time>2020-12-15T03:58:16.535Z</time>
              <fix>3d</fix>
              <hdop>1.52</hdop>
          </trkpt>
          <trkpt lat="14.0665063" lon="100.6339161">
              <ele>9.839</ele>
              <time>2020-12-15T03:58:16.587Z</time>
              <fix>3d</fix>
              <hdop>1.52</hdop>
          </trkpt>
          <trkpt lat="14.0665089" lon="100.6339163">
              <ele>9.883</ele>
              <time>2020-12-15T03:58:16.639Z</time>
              <fix>3d</fix>
              <hdop>1.52</hdop>
          </trkpt>
          <trkpt lat="14.0665113" lon="100.6339163">
              <ele>9.868</ele>
              <time>2020-12-15T03:58:16.691Z</time>
              <fix>3d</fix>
              <hdop>1.52</hdop>
          </trkpt>
          <trkpt lat="14.0665138" lon="100.6339164">
              <ele>9.866</ele>
              <time>2020-12-15T03:58:16.744Z</time>
              <fix>3d</fix>
              <hdop>1.64</hdop>
          </trkpt>
          <trkpt lat="14.0665163" lon="100.6339163">
              <ele>9.825</ele>
              <time>2020-12-15T03:58:16.802Z</time>
              <fix>3d</fix>
              <hdop>1.64</hdop>
          </trkpt>
          <trkpt lat="14.0665188" lon="100.6339164">
              <ele>9.778</ele>
              <time>2020-12-15T03:58:16.860Z</time>
              <fix>3d</fix>
              <hdop>1.64</hdop>
          </trkpt>
          <trkpt lat="14.0665213" lon="100.6339165">
              <ele>9.775</ele>
              <time>2020-12-15T03:58:16.918Z</time>
              <fix>3d</fix>
              <hdop>1.64</hdop>
          </trkpt>
          <trkpt lat="14.0665238" lon="100.6339167">
              <ele>9.775</ele>
              <time>2020-12-15T03:58:16.976Z</time>
              <fix>3d</fix>
              <hdop>1.64</hdop>
          </trkpt>
          <trkpt lat="14.0665264" lon="100.6339168">
              <ele>9.806</ele>
              <time>2020-12-15T03:58:17.035Z</time>
              <fix>3d</fix>
              <hdop>1.64</hdop>
          </trkpt>
          <trkpt lat="14.066529" lon="100.6339166">
              <ele>9.815</ele>
              <time>2020-12-15T03:58:17.093Z</time>
              <fix>3d</fix>
              <hdop>1.64</hdop>
          </trkpt>
          <trkpt lat="14.0665315" lon="100.6339166">
              <ele>9.846</ele>
              <time>2020-12-15T03:58:17.151Z</time>
              <fix>3d</fix>
              <hdop>1.64</hdop>
          </trkpt>
          <trkpt lat="14.066534" lon="100.6339168">
              <ele>9.868</ele>
              <time>2020-12-15T03:58:17.209Z</time>
              <fix>3d</fix>
              <hdop>1.64</hdop>
          </trkpt>
          <trkpt lat="14.0665365" lon="100.633917">
              <ele>9.943</ele>
              <time>2020-12-15T03:58:17.268Z</time>
              <fix>3d</fix>
              <hdop>1.64</hdop>
          </trkpt>
          <trkpt lat="14.0665389" lon="100.6339172">
              <ele>9.967</ele>
              <time>2020-12-15T03:58:17.326Z</time>
              <fix>3d</fix>
              <hdop>1.64</hdop>
          </trkpt>
          <trkpt lat="14.0665414" lon="100.6339172">
              <ele>9.952</ele>
              <time>2020-12-15T03:58:17.384Z</time>
              <fix>3d</fix>
              <hdop>1.64</hdop>
          </trkpt>
          <trkpt lat="14.0665441" lon="100.6339173">
              <ele>9.946</ele>
              <time>2020-12-15T03:58:17.442Z</time>
              <fix>3d</fix>
              <hdop>1.64</hdop>
          </trkpt>
          <trkpt lat="14.0665466" lon="100.6339178">
              <ele>9.995</ele>
              <time>2020-12-15T03:58:17.501Z</time>
              <fix>3d</fix>
              <hdop>1.64</hdop>
          </trkpt>
          <trkpt lat="14.0665493" lon="100.6339178">
              <ele>9.998</ele>
              <time>2020-12-15T03:58:17.559Z</time>
              <fix>3d</fix>
              <hdop>1.64</hdop>
          </trkpt>
          <trkpt lat="14.0665517" lon="100.6339182">
              <ele>9.968</ele>
              <time>2020-12-15T03:58:17.617Z</time>
              <fix>3d</fix>
              <hdop>1.64</hdop>
          </trkpt>
          <trkpt lat="14.0665543" lon="100.6339181">
              <ele>9.877</ele>
              <time>2020-12-15T03:58:17.675Z</time>
              <fix>3d</fix>
              <hdop>1.64</hdop>
          </trkpt>
          <trkpt lat="14.066557" lon="100.6339183">
              <ele>9.847</ele>
              <time>2020-12-15T03:58:17.734Z</time>
              <fix>3d</fix>
              <hdop>1.56</hdop>
          </trkpt>
          <trkpt lat="14.0665597" lon="100.6339184">
              <ele>9.864</ele>
              <time>2020-12-15T03:58:17.786Z</time>
              <fix>3d</fix>
              <hdop>1.56</hdop>
          </trkpt>
          <trkpt lat="14.0665623" lon="100.6339185">
              <ele>9.824</ele>
              <time>2020-12-15T03:58:17.838Z</time>
              <fix>3d</fix>
              <hdop>1.56</hdop>
          </trkpt>
          <trkpt lat="14.0665649" lon="100.6339187">
              <ele>9.804</ele>
              <time>2020-12-15T03:58:17.890Z</time>
              <fix>3d</fix>
              <hdop>1.56</hdop>
          </trkpt>
          <trkpt lat="14.0665676" lon="100.6339188">
              <ele>9.797</ele>
              <time>2020-12-15T03:58:17.942Z</time>
              <fix>3d</fix>
              <hdop>1.56</hdop>
          </trkpt>
          <trkpt lat="14.0665704" lon="100.633919">
              <ele>9.816</ele>
              <time>2020-12-15T03:58:17.994Z</time>
              <fix>3d</fix>
              <hdop>1.56</hdop>
          </trkpt>
          <trkpt lat="14.0665731" lon="100.6339188">
              <ele>9.749</ele>
              <time>2020-12-15T03:58:18.046Z</time>
              <fix>3d</fix>
              <hdop>1.56</hdop>
          </trkpt>
          <trkpt lat="14.0665757" lon="100.6339189">
              <ele>9.72</ele>
              <time>2020-12-15T03:58:18.098Z</time>
              <fix>3d</fix>
              <hdop>1.56</hdop>
          </trkpt>
          <trkpt lat="14.0665783" lon="100.6339189">
              <ele>9.705</ele>
              <time>2020-12-15T03:58:18.150Z</time>
              <fix>3d</fix>
              <hdop>1.56</hdop>
          </trkpt>
          <trkpt lat="14.066581" lon="100.633919">
              <ele>9.72</ele>
              <time>2020-12-15T03:58:18.202Z</time>
              <fix>3d</fix>
              <hdop>1.56</hdop>
          </trkpt>
          <trkpt lat="14.0665837" lon="100.6339191">
              <ele>9.697</ele>
              <time>2020-12-15T03:58:18.255Z</time>
              <fix>3d</fix>
              <hdop>1.56</hdop>
          </trkpt>
          <trkpt lat="14.0665865" lon="100.6339191">
              <ele>9.662</ele>
              <time>2020-12-15T03:58:18.307Z</time>
              <fix>3d</fix>
              <hdop>1.56</hdop>
          </trkpt>
          <trkpt lat="14.0665892" lon="100.6339192">
              <ele>9.639</ele>
              <time>2020-12-15T03:58:18.359Z</time>
              <fix>3d</fix>
              <hdop>1.56</hdop>
          </trkpt>
          <trkpt lat="14.0665919" lon="100.6339193">
              <ele>9.643</ele>
              <time>2020-12-15T03:58:18.411Z</time>
              <fix>3d</fix>
              <hdop>1.56</hdop>
          </trkpt>
          <trkpt lat="14.0665946" lon="100.6339193">
              <ele>9.624</ele>
              <time>2020-12-15T03:58:18.463Z</time>
              <fix>3d</fix>
              <hdop>1.56</hdop>
          </trkpt>
          <trkpt lat="14.0665973" lon="100.6339193">
              <ele>9.596</ele>
              <time>2020-12-15T03:58:18.515Z</time>
              <fix>3d</fix>
              <hdop>1.56</hdop>
          </trkpt>
          <trkpt lat="14.0666" lon="100.6339193">
              <ele>9.585</ele>
              <time>2020-12-15T03:58:18.567Z</time>
              <fix>3d</fix>
              <hdop>1.56</hdop>
          </trkpt>
          <trkpt lat="14.0666028" lon="100.6339193">
              <ele>9.613</ele>
              <time>2020-12-15T03:58:18.619Z</time>
              <fix>3d</fix>
              <hdop>1.56</hdop>
          </trkpt>
          <trkpt lat="14.0666056" lon="100.6339191">
              <ele>9.591</ele>
              <time>2020-12-15T03:58:18.671Z</time>
              <fix>3d</fix>
              <hdop>1.56</hdop>
          </trkpt>
          <trkpt lat="14.0666084" lon="100.633919">
              <ele>9.592</ele>
              <time>2020-12-15T03:58:18.724Z</time>
              <fix>3d</fix>
              <hdop>1.52</hdop>
          </trkpt>
          <trkpt lat="14.0666111" lon="100.633919">
              <ele>9.578</ele>
              <time>2020-12-15T03:58:18.785Z</time>
              <fix>3d</fix>
              <hdop>1.52</hdop>
          </trkpt>
          <trkpt lat="14.0666138" lon="100.6339191">
              <ele>9.57</ele>
              <time>2020-12-15T03:58:18.846Z</time>
              <fix>3d</fix>
              <hdop>1.52</hdop>
          </trkpt>
          <trkpt lat="14.0666167" lon="100.6339191">
              <ele>9.552</ele>
              <time>2020-12-15T03:58:18.908Z</time>
              <fix>3d</fix>
              <hdop>1.52</hdop>
          </trkpt>
          <trkpt lat="14.0666195" lon="100.633919">
              <ele>9.517</ele>
              <time>2020-12-15T03:58:18.969Z</time>
              <fix>3d</fix>
              <hdop>1.52</hdop>
          </trkpt>
          <trkpt lat="14.0666223" lon="100.6339189">
              <ele>9.531</ele>
              <time>2020-12-15T03:58:19.031Z</time>
              <fix>3d</fix>
              <hdop>1.52</hdop>
          </trkpt>
          <trkpt lat="14.0666251" lon="100.6339187">
              <ele>9.53</ele>
              <time>2020-12-15T03:58:19.092Z</time>
              <fix>3d</fix>
              <hdop>1.52</hdop>
          </trkpt>
          <trkpt lat="14.0666279" lon="100.6339188">
              <ele>9.558</ele>
              <time>2020-12-15T03:58:19.154Z</time>
              <fix>3d</fix>
              <hdop>1.52</hdop>
          </trkpt>
          <trkpt lat="14.0666307" lon="100.6339188">
              <ele>9.56</ele>
              <time>2020-12-15T03:58:19.215Z</time>
              <fix>3d</fix>
              <hdop>1.52</hdop>
          </trkpt>
          <trkpt lat="14.0666334" lon="100.6339188">
              <ele>9.559</ele>
              <time>2020-12-15T03:58:19.277Z</time>
              <fix>3d</fix>
              <hdop>1.52</hdop>
          </trkpt>
          <trkpt lat="14.066636" lon="100.6339192">
              <ele>9.494</ele>
              <time>2020-12-15T03:58:19.338Z</time>
              <fix>3d</fix>
              <hdop>1.52</hdop>
          </trkpt>
          <trkpt lat="14.0666387" lon="100.6339194">
              <ele>9.429</ele>
              <time>2020-12-15T03:58:19.400Z</time>
              <fix>3d</fix>
              <hdop>1.52</hdop>
          </trkpt>
          <trkpt lat="14.0666415" lon="100.6339197">
              <ele>9.388</ele>
              <time>2020-12-15T03:58:19.461Z</time>
              <fix>3d</fix>
              <hdop>1.52</hdop>
          </trkpt>
          <trkpt lat="14.0666443" lon="100.6339198">
              <ele>9.302</ele>
              <time>2020-12-15T03:58:19.523Z</time>
              <fix>3d</fix>
              <hdop>1.52</hdop>
          </trkpt>
          <trkpt lat="14.066647" lon="100.6339202">
              <ele>9.263</ele>
              <time>2020-12-15T03:58:19.584Z</time>
              <fix>3d</fix>
              <hdop>1.52</hdop>
          </trkpt>
          <trkpt lat="14.0666497" lon="100.6339202">
              <ele>9.21</ele>
              <time>2020-12-15T03:58:19.646Z</time>
              <fix>3d</fix>
              <hdop>1.52</hdop>
          </trkpt>
          <trkpt lat="14.0666525" lon="100.6339202">
              <ele>9.151</ele>
              <time>2020-12-15T03:58:19.707Z</time>
              <fix>3d</fix>
              <hdop>1.52</hdop>
          </trkpt>
          <trkpt lat="14.0666554" lon="100.6339202">
              <ele>9.159</ele>
              <time>2020-12-15T03:58:19.769Z</time>
              <fix>3d</fix>
              <hdop>1.64</hdop>
          </trkpt>
          <trkpt lat="14.0666581" lon="100.6339201">
              <ele>9.191</ele>
              <time>2020-12-15T03:58:19.824Z</time>
              <fix>3d</fix>
              <hdop>1.64</hdop>
          </trkpt>
          <trkpt lat="14.066661" lon="100.6339199">
              <ele>9.223</ele>
              <time>2020-12-15T03:58:19.879Z</time>
              <fix>3d</fix>
              <hdop>1.64</hdop>
          </trkpt>
          <trkpt lat="14.0666639" lon="100.6339193">
              <ele>9.22</ele>
              <time>2020-12-15T03:58:19.934Z</time>
              <fix>3d</fix>
              <hdop>1.64</hdop>
          </trkpt>
          <trkpt lat="14.0666668" lon="100.6339191">
              <ele>9.254</ele>
              <time>2020-12-15T03:58:19.989Z</time>
              <fix>3d</fix>
              <hdop>1.64</hdop>
          </trkpt>
          <trkpt lat="14.0666695" lon="100.6339192">
              <ele>9.305</ele>
              <time>2020-12-15T03:58:20.044Z</time>
              <fix>3d</fix>
              <hdop>1.64</hdop>
          </trkpt>
          <trkpt lat="14.0666722" lon="100.6339193">
              <ele>9.352</ele>
              <time>2020-12-15T03:58:20.099Z</time>
              <fix>3d</fix>
              <hdop>1.64</hdop>
          </trkpt>
          <trkpt lat="14.0666749" lon="100.6339189">
              <ele>9.35</ele>
              <time>2020-12-15T03:58:20.154Z</time>
              <fix>3d</fix>
              <hdop>1.64</hdop>
          </trkpt>
          <trkpt lat="14.0666776" lon="100.633919">
              <ele>9.421</ele>
              <time>2020-12-15T03:58:20.209Z</time>
              <fix>3d</fix>
              <hdop>1.64</hdop>
          </trkpt>
          <trkpt lat="14.0666804" lon="100.6339188">
              <ele>9.448</ele>
              <time>2020-12-15T03:58:20.264Z</time>
              <fix>3d</fix>
              <hdop>1.64</hdop>
          </trkpt>
          <trkpt lat="14.0666831" lon="100.6339186">
              <ele>9.43</ele>
              <time>2020-12-15T03:58:20.319Z</time>
              <fix>3d</fix>
              <hdop>1.64</hdop>
          </trkpt>
          <trkpt lat="14.0666859" lon="100.6339185">
              <ele>9.423</ele>
              <time>2020-12-15T03:58:20.374Z</time>
              <fix>3d</fix>
              <hdop>1.64</hdop>
          </trkpt>
          <trkpt lat="14.0666885" lon="100.6339187">
              <ele>9.39</ele>
              <time>2020-12-15T03:58:20.429Z</time>
              <fix>3d</fix>
              <hdop>1.64</hdop>
          </trkpt>
          <trkpt lat="14.0666941" lon="100.6339186">
              <ele>9.354</ele>
              <time>2020-12-15T03:58:20.484Z</time>
              <fix>3d</fix>
              <hdop>1.64</hdop>
          </trkpt>
          <trkpt lat="14.066697" lon="100.6339184">
              <ele>9.304</ele>
              <time>2020-12-15T03:58:20.539Z</time>
              <fix>3d</fix>
              <hdop>1.64</hdop>
          </trkpt>
          <trkpt lat="14.0666998" lon="100.6339183">
              <ele>9.281</ele>
              <time>2020-12-15T03:58:20.594Z</time>
              <fix>3d</fix>
              <hdop>1.64</hdop>
          </trkpt>
          <trkpt lat="14.0667024" lon="100.6339184">
              <ele>9.265</ele>
              <time>2020-12-15T03:58:20.649Z</time>
              <fix>3d</fix>
              <hdop>1.64</hdop>
          </trkpt>
          <trkpt lat="14.0667052" lon="100.6339184">
              <ele>9.224</ele>
              <time>2020-12-15T03:58:20.704Z</time>
              <fix>3d</fix>
              <hdop>1.64</hdop>
          </trkpt>
          <trkpt lat="14.0667081" lon="100.6339183">
              <ele>9.23</ele>
              <time>2020-12-15T03:58:20.759Z</time>
              <fix>3d</fix>
              <hdop>1.63</hdop>
          </trkpt>
          <trkpt lat="14.0667108" lon="100.6339183">
              <ele>9.245</ele>
              <time>2020-12-15T03:58:20.814Z</time>
              <fix>3d</fix>
              <hdop>1.63</hdop>
          </trkpt>
          <trkpt lat="14.0667134" lon="100.6339182">
              <ele>9.237</ele>
              <time>2020-12-15T03:58:20.869Z</time>
              <fix>3d</fix>
              <hdop>1.63</hdop>
          </trkpt>
          <trkpt lat="14.0667161" lon="100.6339183">
              <ele>9.226</ele>
              <time>2020-12-15T03:58:20.924Z</time>
              <fix>3d</fix>
              <hdop>1.63</hdop>
          </trkpt>
          <trkpt lat="14.0667189" lon="100.6339184">
              <ele>9.213</ele>
              <time>2020-12-15T03:58:20.979Z</time>
              <fix>3d</fix>
              <hdop>1.63</hdop>
          </trkpt>
          <trkpt lat="14.0667215" lon="100.6339186">
              <ele>9.164</ele>
              <time>2020-12-15T03:58:21.034Z</time>
              <fix>3d</fix>
              <hdop>1.63</hdop>
          </trkpt>
          <trkpt lat="14.0667243" lon="100.6339188">
              <ele>9.188</ele>
              <time>2020-12-15T03:58:21.089Z</time>
              <fix>3d</fix>
              <hdop>1.63</hdop>
          </trkpt>
          <trkpt lat="14.066727" lon="100.6339188">
              <ele>9.167</ele>
              <time>2020-12-15T03:58:21.144Z</time>
              <fix>3d</fix>
              <hdop>1.63</hdop>
          </trkpt>
          <trkpt lat="14.0667298" lon="100.6339187">
              <ele>9.16</ele>
              <time>2020-12-15T03:58:21.199Z</time>
              <fix>3d</fix>
              <hdop>1.63</hdop>
          </trkpt>
          <trkpt lat="14.0667325" lon="100.6339189">
              <ele>9.17</ele>
              <time>2020-12-15T03:58:21.254Z</time>
              <fix>3d</fix>
              <hdop>1.63</hdop>
          </trkpt>
          <trkpt lat="14.0667352" lon="100.633919">
              <ele>9.178</ele>
              <time>2020-12-15T03:58:21.309Z</time>
              <fix>3d</fix>
              <hdop>1.63</hdop>
          </trkpt>
          <trkpt lat="14.0667379" lon="100.6339191">
              <ele>9.196</ele>
              <time>2020-12-15T03:58:21.364Z</time>
              <fix>3d</fix>
              <hdop>1.63</hdop>
          </trkpt>
          <trkpt lat="14.0667406" lon="100.6339193">
              <ele>9.244</ele>
              <time>2020-12-15T03:58:21.419Z</time>
              <fix>3d</fix>
              <hdop>1.63</hdop>
          </trkpt>
          <trkpt lat="14.0667433" lon="100.6339195">
              <ele>9.235</ele>
              <time>2020-12-15T03:58:21.474Z</time>
              <fix>3d</fix>
              <hdop>1.63</hdop>
          </trkpt>
          <trkpt lat="14.0667459" lon="100.6339196">
              <ele>9.26</ele>
              <time>2020-12-15T03:58:21.529Z</time>
              <fix>3d</fix>
              <hdop>1.63</hdop>
          </trkpt>
          <trkpt lat="14.0667486" lon="100.6339196">
              <ele>9.281</ele>
              <time>2020-12-15T03:58:21.584Z</time>
              <fix>3d</fix>
              <hdop>1.63</hdop>
          </trkpt>
          <trkpt lat="14.0667512" lon="100.6339197">
              <ele>9.297</ele>
              <time>2020-12-15T03:58:21.639Z</time>
              <fix>3d</fix>
              <hdop>1.63</hdop>
          </trkpt>
          <trkpt lat="14.066754" lon="100.6339199">
              <ele>9.325</ele>
              <time>2020-12-15T03:58:21.694Z</time>
              <fix>3d</fix>
              <hdop>1.63</hdop>
          </trkpt>
          <trkpt lat="14.0667566" lon="100.6339201">
              <ele>9.382</ele>
              <time>2020-12-15T03:58:21.749Z</time>
              <fix>3d</fix>
              <hdop>1.63</hdop>
          </trkpt>
          <trkpt lat="14.0667593" lon="100.6339199">
              <ele>9.395</ele>
              <time>2020-12-15T03:58:21.801Z</time>
              <fix>3d</fix>
              <hdop>1.63</hdop>
          </trkpt>
          <trkpt lat="14.0667621" lon="100.6339199">
              <ele>9.447</ele>
              <time>2020-12-15T03:58:21.853Z</time>
              <fix>3d</fix>
              <hdop>1.63</hdop>
          </trkpt>
          <trkpt lat="14.0667647" lon="100.63392">
              <ele>9.468</ele>
              <time>2020-12-15T03:58:21.905Z</time>
              <fix>3d</fix>
              <hdop>1.63</hdop>
          </trkpt>
          <trkpt lat="14.0667674" lon="100.6339202">
              <ele>9.472</ele>
              <time>2020-12-15T03:58:21.957Z</time>
              <fix>3d</fix>
              <hdop>1.63</hdop>
          </trkpt>
          <trkpt lat="14.0667703" lon="100.6339203">
              <ele>9.501</ele>
              <time>2020-12-15T03:58:22.009Z</time>
              <fix>3d</fix>
              <hdop>1.63</hdop>
          </trkpt>
          <trkpt lat="14.0667729" lon="100.6339206">
              <ele>9.5</ele>
              <time>2020-12-15T03:58:22.061Z</time>
              <fix>3d</fix>
              <hdop>1.63</hdop>
          </trkpt>
          <trkpt lat="14.0667755" lon="100.6339209">
              <ele>9.504</ele>
              <time>2020-12-15T03:58:22.113Z</time>
              <fix>3d</fix>
              <hdop>1.63</hdop>
          </trkpt>
          <trkpt lat="14.0667784" lon="100.6339213">
              <ele>9.551</ele>
              <time>2020-12-15T03:58:22.165Z</time>
              <fix>3d</fix>
              <hdop>1.63</hdop>
          </trkpt>
          <trkpt lat="14.0667809" lon="100.6339212">
              <ele>9.496</ele>
              <time>2020-12-15T03:58:22.217Z</time>
              <fix>3d</fix>
              <hdop>1.63</hdop>
          </trkpt>
          <trkpt lat="14.0667837" lon="100.6339213">
              <ele>9.506</ele>
              <time>2020-12-15T03:58:22.270Z</time>
              <fix>3d</fix>
              <hdop>1.63</hdop>
          </trkpt>
          <trkpt lat="14.0667865" lon="100.633921">
              <ele>9.554</ele>
              <time>2020-12-15T03:58:22.322Z</time>
              <fix>3d</fix>
              <hdop>1.63</hdop>
          </trkpt>
          <trkpt lat="14.0667891" lon="100.6339208">
              <ele>9.511</ele>
              <time>2020-12-15T03:58:22.374Z</time>
              <fix>3d</fix>
              <hdop>1.63</hdop>
          </trkpt>
          <trkpt lat="14.0667919" lon="100.6339211">
              <ele>9.525</ele>
              <time>2020-12-15T03:58:22.426Z</time>
              <fix>3d</fix>
              <hdop>1.63</hdop>
          </trkpt>
          <trkpt lat="14.0667945" lon="100.6339211">
              <ele>9.512</ele>
              <time>2020-12-15T03:58:22.478Z</time>
              <fix>3d</fix>
              <hdop>1.63</hdop>
          </trkpt>
          <trkpt lat="14.0667972" lon="100.6339209">
              <ele>9.454</ele>
              <time>2020-12-15T03:58:22.530Z</time>
              <fix>3d</fix>
              <hdop>1.63</hdop>
          </trkpt>
          <trkpt lat="14.0667999" lon="100.6339209">
              <ele>9.476</ele>
              <time>2020-12-15T03:58:22.582Z</time>
              <fix>3d</fix>
              <hdop>1.63</hdop>
          </trkpt>
          <trkpt lat="14.0668027" lon="100.6339209">
              <ele>9.511</ele>
              <time>2020-12-15T03:58:22.634Z</time>
              <fix>3d</fix>
              <hdop>1.63</hdop>
          </trkpt>
          <trkpt lat="14.0668055" lon="100.6339209">
              <ele>9.53</ele>
              <time>2020-12-15T03:58:22.686Z</time>
              <fix>3d</fix>
              <hdop>1.63</hdop>
          </trkpt>
          <trkpt lat="14.0668083" lon="100.633921">
              <ele>9.53</ele>
              <time>2020-12-15T03:58:22.739Z</time>
              <fix>3d</fix>
              <hdop>1.63</hdop>
          </trkpt>
          <trkpt lat="14.0668111" lon="100.6339211">
              <ele>9.488</ele>
              <time>2020-12-15T03:58:22.800Z</time>
              <fix>3d</fix>
              <hdop>1.63</hdop>
          </trkpt>
          <trkpt lat="14.0668138" lon="100.6339212">
              <ele>9.46</ele>
              <time>2020-12-15T03:58:22.861Z</time>
              <fix>3d</fix>
              <hdop>1.63</hdop>
          </trkpt>
          <trkpt lat="14.0668166" lon="100.6339212">
              <ele>9.505</ele>
              <time>2020-12-15T03:58:22.923Z</time>
              <fix>3d</fix>
              <hdop>1.63</hdop>
          </trkpt>
          <trkpt lat="14.0668195" lon="100.6339213">
              <ele>9.497</ele>
              <time>2020-12-15T03:58:22.984Z</time>
              <fix>3d</fix>
              <hdop>1.63</hdop>
          </trkpt>
          <trkpt lat="14.0668221" lon="100.6339215">
              <ele>9.441</ele>
              <time>2020-12-15T03:58:23.046Z</time>
              <fix>3d</fix>
              <hdop>1.63</hdop>
          </trkpt>
          <trkpt lat="14.0668248" lon="100.6339215">
              <ele>9.442</ele>
              <time>2020-12-15T03:58:23.107Z</time>
              <fix>3d</fix>
              <hdop>1.63</hdop>
          </trkpt>
          <trkpt lat="14.0668275" lon="100.6339217">
              <ele>9.405</ele>
              <time>2020-12-15T03:58:23.169Z</time>
              <fix>3d</fix>
              <hdop>1.63</hdop>
          </trkpt>
          <trkpt lat="14.0668302" lon="100.633922">
              <ele>9.391</ele>
              <time>2020-12-15T03:58:23.230Z</time>
              <fix>3d</fix>
              <hdop>1.63</hdop>
          </trkpt>
          <trkpt lat="14.0668329" lon="100.6339222">
              <ele>9.321</ele>
              <time>2020-12-15T03:58:23.292Z</time>
              <fix>3d</fix>
              <hdop>1.63</hdop>
          </trkpt>
          <trkpt lat="14.0668357" lon="100.6339223">
              <ele>9.256</ele>
              <time>2020-12-15T03:58:23.353Z</time>
              <fix>3d</fix>
              <hdop>1.63</hdop>
          </trkpt>
          <trkpt lat="14.0668385" lon="100.6339223">
              <ele>9.197</ele>
              <time>2020-12-15T03:58:23.415Z</time>
              <fix>3d</fix>
              <hdop>1.63</hdop>
          </trkpt>
          <trkpt lat="14.0668413" lon="100.6339222">
              <ele>9.16</ele>
              <time>2020-12-15T03:58:23.476Z</time>
              <fix>3d</fix>
              <hdop>1.63</hdop>
          </trkpt>
          <trkpt lat="14.066844" lon="100.6339223">
              <ele>9.188</ele>
              <time>2020-12-15T03:58:23.538Z</time>
              <fix>3d</fix>
              <hdop>1.63</hdop>
          </trkpt>
          <trkpt lat="14.0668467" lon="100.6339223">
              <ele>9.226</ele>
              <time>2020-12-15T03:58:23.599Z</time>
              <fix>3d</fix>
              <hdop>1.63</hdop>
          </trkpt>
          <trkpt lat="14.0668495" lon="100.6339223">
              <ele>9.2</ele>
              <time>2020-12-15T03:58:23.661Z</time>
              <fix>3d</fix>
              <hdop>1.63</hdop>
          </trkpt>
          <trkpt lat="14.0668522" lon="100.6339222">
              <ele>9.172</ele>
              <time>2020-12-15T03:58:23.722Z</time>
              <fix>3d</fix>
              <hdop>1.63</hdop>
          </trkpt>
          <trkpt lat="14.0668549" lon="100.6339224">
              <ele>9.143</ele>
              <time>2020-12-15T03:58:23.784Z</time>
              <fix>3d</fix>
              <hdop>1.63</hdop>
          </trkpt>
          <trkpt lat="14.0668578" lon="100.6339225">
              <ele>9.113</ele>
              <time>2020-12-15T03:58:23.836Z</time>
              <fix>3d</fix>
              <hdop>1.63</hdop>
          </trkpt>
          <trkpt lat="14.0668605" lon="100.6339225">
              <ele>9.037</ele>
              <time>2020-12-15T03:58:23.888Z</time>
              <fix>3d</fix>
              <hdop>1.63</hdop>
          </trkpt>
          <trkpt lat="14.0668632" lon="100.6339225">
              <ele>8.988</ele>
              <time>2020-12-15T03:58:23.940Z</time>
              <fix>3d</fix>
              <hdop>1.63</hdop>
          </trkpt>
          <trkpt lat="14.066866" lon="100.6339226">
              <ele>8.951</ele>
              <time>2020-12-15T03:58:23.992Z</time>
              <fix>3d</fix>
              <hdop>1.63</hdop>
          </trkpt>
          <trkpt lat="14.0668688" lon="100.6339227">
              <ele>8.923</ele>
              <time>2020-12-15T03:58:24.044Z</time>
              <fix>3d</fix>
              <hdop>1.63</hdop>
          </trkpt>
          <trkpt lat="14.0668716" lon="100.6339227">
              <ele>8.887</ele>
              <time>2020-12-15T03:58:24.096Z</time>
              <fix>3d</fix>
              <hdop>1.63</hdop>
          </trkpt>
          <trkpt lat="14.0668744" lon="100.6339228">
              <ele>8.882</ele>
              <time>2020-12-15T03:58:24.148Z</time>
              <fix>3d</fix>
              <hdop>1.63</hdop>
          </trkpt>
          <trkpt lat="14.0668773" lon="100.6339226">
              <ele>8.836</ele>
              <time>2020-12-15T03:58:24.200Z</time>
              <fix>3d</fix>
              <hdop>1.63</hdop>
          </trkpt>
          <trkpt lat="14.0668801" lon="100.6339227">
              <ele>8.802</ele>
              <time>2020-12-15T03:58:24.252Z</time>
              <fix>3d</fix>
              <hdop>1.63</hdop>
          </trkpt>
          <trkpt lat="14.0668827" lon="100.6339228">
              <ele>8.777</ele>
              <time>2020-12-15T03:58:24.305Z</time>
              <fix>3d</fix>
              <hdop>1.63</hdop>
          </trkpt>
          <trkpt lat="14.0668856" lon="100.6339228">
              <ele>8.801</ele>
              <time>2020-12-15T03:58:24.357Z</time>
              <fix>3d</fix>
              <hdop>1.63</hdop>
          </trkpt>
          <trkpt lat="14.0668883" lon="100.633923">
              <ele>8.693</ele>
              <time>2020-12-15T03:58:24.409Z</time>
              <fix>3d</fix>
              <hdop>1.63</hdop>
          </trkpt>
          <trkpt lat="14.0668911" lon="100.633923">
              <ele>8.64</ele>
              <time>2020-12-15T03:58:24.461Z</time>
              <fix>3d</fix>
              <hdop>1.63</hdop>
          </trkpt>
          <trkpt lat="14.0668939" lon="100.6339231">
              <ele>8.608</ele>
              <time>2020-12-15T03:58:24.513Z</time>
              <fix>3d</fix>
              <hdop>1.63</hdop>
          </trkpt>
          <trkpt lat="14.0668966" lon="100.6339232">
              <ele>8.567</ele>
              <time>2020-12-15T03:58:24.565Z</time>
              <fix>3d</fix>
              <hdop>1.63</hdop>
          </trkpt>
          <trkpt lat="14.0668994" lon="100.6339233">
              <ele>8.518</ele>
              <time>2020-12-15T03:58:24.617Z</time>
              <fix>3d</fix>
              <hdop>1.63</hdop>
          </trkpt>
          <trkpt lat="14.0669023" lon="100.6339234">
              <ele>8.502</ele>
              <time>2020-12-15T03:58:24.669Z</time>
              <fix>3d</fix>
              <hdop>1.63</hdop>
          </trkpt>
          <trkpt lat="14.0669051" lon="100.6339231">
              <ele>8.403</ele>
              <time>2020-12-15T03:58:24.721Z</time>
              <fix>3d</fix>
              <hdop>1.63</hdop>
          </trkpt>
          <trkpt lat="14.0669079" lon="100.6339235">
              <ele>8.38</ele>
              <time>2020-12-15T03:58:24.774Z</time>
              <fix>3d</fix>
              <hdop>1.8</hdop>
          </trkpt>
          <trkpt lat="14.0669107" lon="100.6339235">
              <ele>8.337</ele>
              <time>2020-12-15T03:58:24.829Z</time>
              <fix>3d</fix>
              <hdop>1.8</hdop>
          </trkpt>
          <trkpt lat="14.0669135" lon="100.6339235">
              <ele>8.276</ele>
              <time>2020-12-15T03:58:24.884Z</time>
              <fix>3d</fix>
              <hdop>1.8</hdop>
          </trkpt>
          <trkpt lat="14.0669163" lon="100.6339237">
              <ele>8.254</ele>
              <time>2020-12-15T03:58:24.939Z</time>
              <fix>3d</fix>
              <hdop>1.8</hdop>
          </trkpt>
          <trkpt lat="14.0669189" lon="100.6339238">
              <ele>8.22</ele>
              <time>2020-12-15T03:58:24.994Z</time>
              <fix>3d</fix>
              <hdop>1.8</hdop>
          </trkpt>
          <trkpt lat="14.0669216" lon="100.6339239">
              <ele>8.183</ele>
              <time>2020-12-15T03:58:25.049Z</time>
              <fix>3d</fix>
              <hdop>1.8</hdop>
          </trkpt>
          <trkpt lat="14.0669244" lon="100.633924">
              <ele>8.187</ele>
              <time>2020-12-15T03:58:25.104Z</time>
              <fix>3d</fix>
              <hdop>1.8</hdop>
          </trkpt>
          <trkpt lat="14.0669273" lon="100.6339241">
              <ele>8.118</ele>
              <time>2020-12-15T03:58:25.159Z</time>
              <fix>3d</fix>
              <hdop>1.8</hdop>
          </trkpt>
          <trkpt lat="14.06693" lon="100.6339243">
              <ele>8.078</ele>
              <time>2020-12-15T03:58:25.214Z</time>
              <fix>3d</fix>
              <hdop>1.8</hdop>
          </trkpt>
          <trkpt lat="14.0669328" lon="100.6339245">
              <ele>7.958</ele>
              <time>2020-12-15T03:58:25.269Z</time>
              <fix>3d</fix>
              <hdop>1.8</hdop>
          </trkpt>
          <trkpt lat="14.0669356" lon="100.6339244">
              <ele>7.911</ele>
              <time>2020-12-15T03:58:25.324Z</time>
              <fix>3d</fix>
              <hdop>1.8</hdop>
          </trkpt>
          <trkpt lat="14.0669383" lon="100.6339244">
              <ele>7.909</ele>
              <time>2020-12-15T03:58:25.379Z</time>
              <fix>3d</fix>
              <hdop>1.8</hdop>
          </trkpt>
          <trkpt lat="14.0669412" lon="100.6339243">
              <ele>7.86</ele>
              <time>2020-12-15T03:58:25.434Z</time>
              <fix>3d</fix>
              <hdop>1.8</hdop>
          </trkpt>
          <trkpt lat="14.0669439" lon="100.633924">
              <ele>7.878</ele>
              <time>2020-12-15T03:58:25.489Z</time>
              <fix>3d</fix>
              <hdop>1.8</hdop>
          </trkpt>
          <trkpt lat="14.0669468" lon="100.6339239">
              <ele>7.861</ele>
              <time>2020-12-15T03:58:25.544Z</time>
              <fix>3d</fix>
              <hdop>1.8</hdop>
          </trkpt>
          <trkpt lat="14.0669495" lon="100.6339238">
              <ele>7.917</ele>
              <time>2020-12-15T03:58:25.599Z</time>
              <fix>3d</fix>
              <hdop>1.8</hdop>
          </trkpt>
          <trkpt lat="14.0669522" lon="100.633924">
              <ele>8.046</ele>
              <time>2020-12-15T03:58:25.654Z</time>
              <fix>3d</fix>
              <hdop>1.8</hdop>
          </trkpt>
          <trkpt lat="14.0669552" lon="100.6339236">
              <ele>8.054</ele>
              <time>2020-12-15T03:58:25.709Z</time>
              <fix>3d</fix>
              <hdop>1.8</hdop>
          </trkpt>
          <trkpt lat="14.066958" lon="100.6339238">
              <ele>8.032</ele>
              <time>2020-12-15T03:58:25.764Z</time>
              <fix>3d</fix>
              <hdop>1.8</hdop>
          </trkpt>
          <trkpt lat="14.0669607" lon="100.633924">
              <ele>8.007</ele>
              <time>2020-12-15T03:58:25.819Z</time>
              <fix>3d</fix>
              <hdop>1.8</hdop>
          </trkpt>
          <trkpt lat="14.0669634" lon="100.6339242">
              <ele>8.014</ele>
              <time>2020-12-15T03:58:25.874Z</time>
              <fix>3d</fix>
              <hdop>1.8</hdop>
          </trkpt>
          <trkpt lat="14.0669662" lon="100.6339239">
              <ele>7.981</ele>
              <time>2020-12-15T03:58:25.929Z</time>
              <fix>3d</fix>
              <hdop>1.8</hdop>
          </trkpt>
          <trkpt lat="14.066969" lon="100.6339238">
              <ele>7.994</ele>
              <time>2020-12-15T03:58:25.984Z</time>
              <fix>3d</fix>
              <hdop>1.8</hdop>
          </trkpt>
          <trkpt lat="14.0669719" lon="100.6339238">
              <ele>8.048</ele>
              <time>2020-12-15T03:58:26.039Z</time>
              <fix>3d</fix>
              <hdop>1.8</hdop>
          </trkpt>
          <trkpt lat="14.0669747" lon="100.6339241">
              <ele>8.031</ele>
              <time>2020-12-15T03:58:26.094Z</time>
              <fix>3d</fix>
              <hdop>1.8</hdop>
          </trkpt>
          <trkpt lat="14.0669775" lon="100.6339239">
              <ele>8.015</ele>
              <time>2020-12-15T03:58:26.149Z</time>
              <fix>3d</fix>
              <hdop>1.8</hdop>
          </trkpt>
          <trkpt lat="14.0669802" lon="100.6339237">
              <ele>7.965</ele>
              <time>2020-12-15T03:58:26.204Z</time>
              <fix>3d</fix>
              <hdop>1.8</hdop>
          </trkpt>
          <trkpt lat="14.0669831" lon="100.6339238">
              <ele>7.991</ele>
              <time>2020-12-15T03:58:26.259Z</time>
              <fix>3d</fix>
              <hdop>1.8</hdop>
          </trkpt>
          <trkpt lat="14.0669859" lon="100.633924">
              <ele>8.055</ele>
              <time>2020-12-15T03:58:26.314Z</time>
              <fix>3d</fix>
              <hdop>1.8</hdop>
          </trkpt>
          <trkpt lat="14.0669886" lon="100.6339238">
              <ele>7.967</ele>
              <time>2020-12-15T03:58:26.369Z</time>
              <fix>3d</fix>
              <hdop>1.8</hdop>
          </trkpt>
          <trkpt lat="14.0669916" lon="100.6339238">
              <ele>7.932</ele>
              <time>2020-12-15T03:58:26.424Z</time>
              <fix>3d</fix>
              <hdop>1.8</hdop>
          </trkpt>
          <trkpt lat="14.0669943" lon="100.6339242">
              <ele>7.832</ele>
              <time>2020-12-15T03:58:26.479Z</time>
              <fix>3d</fix>
              <hdop>1.8</hdop>
          </trkpt>
          <trkpt lat="14.0669972" lon="100.6339244">
              <ele>7.761</ele>
              <time>2020-12-15T03:58:26.534Z</time>
              <fix>3d</fix>
              <hdop>1.8</hdop>
          </trkpt>
          <trkpt lat="14.067" lon="100.6339244">
              <ele>7.733</ele>
              <time>2020-12-15T03:58:26.589Z</time>
              <fix>3d</fix>
              <hdop>1.8</hdop>
          </trkpt>
          <trkpt lat="14.0670027" lon="100.6339244">
              <ele>7.694</ele>
              <time>2020-12-15T03:58:26.644Z</time>
              <fix>3d</fix>
              <hdop>1.8</hdop>
          </trkpt>
          <trkpt lat="14.0670055" lon="100.6339245">
              <ele>7.666</ele>
              <time>2020-12-15T03:58:26.699Z</time>
              <fix>3d</fix>
              <hdop>1.8</hdop>
          </trkpt>
          <trkpt lat="14.0670083" lon="100.6339246">
              <ele>7.637</ele>
              <time>2020-12-15T03:58:26.754Z</time>
              <fix>3d</fix>
              <hdop>1.86</hdop>
          </trkpt>
          <trkpt lat="14.0670111" lon="100.6339245">
              <ele>7.637</ele>
              <time>2020-12-15T03:58:26.806Z</time>
              <fix>3d</fix>
              <hdop>1.86</hdop>
          </trkpt>
          <trkpt lat="14.067014" lon="100.6339246">
              <ele>7.672</ele>
              <time>2020-12-15T03:58:26.858Z</time>
              <fix>3d</fix>
              <hdop>1.86</hdop>
          </trkpt>
          <trkpt lat="14.0670168" lon="100.6339245">
              <ele>7.62</ele>
              <time>2020-12-15T03:58:26.910Z</time>
              <fix>3d</fix>
              <hdop>1.86</hdop>
          </trkpt>
          <trkpt lat="14.0670196" lon="100.6339244">
              <ele>7.546</ele>
              <time>2020-12-15T03:58:26.962Z</time>
              <fix>3d</fix>
              <hdop>1.86</hdop>
          </trkpt>
          <trkpt lat="14.0670225" lon="100.6339239">
              <ele>7.467</ele>
              <time>2020-12-15T03:58:27.014Z</time>
              <fix>3d</fix>
              <hdop>1.86</hdop>
          </trkpt>
          <trkpt lat="14.0670255" lon="100.6339233">
              <ele>7.404</ele>
              <time>2020-12-15T03:58:27.066Z</time>
              <fix>3d</fix>
              <hdop>1.86</hdop>
          </trkpt>
          <trkpt lat="14.0670284" lon="100.6339234">
              <ele>7.403</ele>
              <time>2020-12-15T03:58:27.118Z</time>
              <fix>3d</fix>
              <hdop>1.86</hdop>
          </trkpt>
          <trkpt lat="14.0670311" lon="100.6339234">
              <ele>7.399</ele>
              <time>2020-12-15T03:58:27.170Z</time>
              <fix>3d</fix>
              <hdop>1.86</hdop>
          </trkpt>
          <trkpt lat="14.0670338" lon="100.6339239">
              <ele>7.434</ele>
              <time>2020-12-15T03:58:27.222Z</time>
              <fix>3d</fix>
              <hdop>1.86</hdop>
          </trkpt>
          <trkpt lat="14.0670365" lon="100.6339244">
              <ele>7.411</ele>
              <time>2020-12-15T03:58:27.275Z</time>
              <fix>3d</fix>
              <hdop>1.86</hdop>
          </trkpt>
          <trkpt lat="14.0670392" lon="100.6339247">
              <ele>7.34</ele>
              <time>2020-12-15T03:58:27.327Z</time>
              <fix>3d</fix>
              <hdop>1.86</hdop>
          </trkpt>
          <trkpt lat="14.0670419" lon="100.6339251">
              <ele>7.247</ele>
              <time>2020-12-15T03:58:27.379Z</time>
              <fix>3d</fix>
              <hdop>1.86</hdop>
          </trkpt>
          <trkpt lat="14.0670448" lon="100.6339254">
              <ele>7.184</ele>
              <time>2020-12-15T03:58:27.431Z</time>
              <fix>3d</fix>
              <hdop>1.86</hdop>
          </trkpt>
          <trkpt lat="14.0670473" lon="100.6339256">
              <ele>7.147</ele>
              <time>2020-12-15T03:58:27.483Z</time>
              <fix>3d</fix>
              <hdop>1.86</hdop>
          </trkpt>
          <trkpt lat="14.0670499" lon="100.6339263">
              <ele>7.066</ele>
              <time>2020-12-15T03:58:27.535Z</time>
              <fix>3d</fix>
              <hdop>1.86</hdop>
          </trkpt>
          <trkpt lat="14.0670529" lon="100.6339264">
              <ele>6.987</ele>
              <time>2020-12-15T03:58:27.587Z</time>
              <fix>3d</fix>
              <hdop>1.86</hdop>
          </trkpt>
          <trkpt lat="14.0670558" lon="100.6339263">
              <ele>6.97</ele>
              <time>2020-12-15T03:58:27.639Z</time>
              <fix>3d</fix>
              <hdop>1.86</hdop>
          </trkpt>
          <trkpt lat="14.0670586" lon="100.6339262">
              <ele>6.865</ele>
              <time>2020-12-15T03:58:27.691Z</time>
              <fix>3d</fix>
              <hdop>1.86</hdop>
          </trkpt>
          <trkpt lat="14.0670613" lon="100.6339265">
              <ele>6.837</ele>
              <time>2020-12-15T03:58:27.744Z</time>
              <fix>3d</fix>
              <hdop>1.87</hdop>
          </trkpt>
          <trkpt lat="14.0670642" lon="100.6339268">
              <ele>6.816</ele>
              <time>2020-12-15T03:58:27.805Z</time>
              <fix>3d</fix>
              <hdop>1.87</hdop>
          </trkpt>
          <trkpt lat="14.067067" lon="100.6339268">
              <ele>6.746</ele>
              <time>2020-12-15T03:58:27.866Z</time>
              <fix>3d</fix>
              <hdop>1.87</hdop>
          </trkpt>
          <trkpt lat="14.0670699" lon="100.633927">
              <ele>6.77</ele>
              <time>2020-12-15T03:58:27.928Z</time>
              <fix>3d</fix>
              <hdop>1.87</hdop>
          </trkpt>
          <trkpt lat="14.0670727" lon="100.6339271">
              <ele>6.718</ele>
              <time>2020-12-15T03:58:27.989Z</time>
              <fix>3d</fix>
              <hdop>1.87</hdop>
          </trkpt>
          <trkpt lat="14.0670754" lon="100.6339273">
              <ele>6.649</ele>
              <time>2020-12-15T03:58:28.051Z</time>
              <fix>3d</fix>
              <hdop>1.87</hdop>
          </trkpt>
          <trkpt lat="14.0670781" lon="100.6339275">
              <ele>6.682</ele>
              <time>2020-12-15T03:58:28.112Z</time>
              <fix>3d</fix>
              <hdop>1.87</hdop>
          </trkpt>
          <trkpt lat="14.0670809" lon="100.6339272">
              <ele>6.668</ele>
              <time>2020-12-15T03:58:28.174Z</time>
              <fix>3d</fix>
              <hdop>1.87</hdop>
          </trkpt>
          <trkpt lat="14.0670837" lon="100.6339274">
              <ele>6.679</ele>
              <time>2020-12-15T03:58:28.235Z</time>
              <fix>3d</fix>
              <hdop>1.87</hdop>
          </trkpt>
          <trkpt lat="14.0670864" lon="100.6339275">
              <ele>6.577</ele>
              <time>2020-12-15T03:58:28.297Z</time>
              <fix>3d</fix>
              <hdop>1.87</hdop>
          </trkpt>
          <trkpt lat="14.0670891" lon="100.633928">
              <ele>6.575</ele>
              <time>2020-12-15T03:58:28.358Z</time>
              <fix>3d</fix>
              <hdop>1.87</hdop>
          </trkpt>
          <trkpt lat="14.0670918" lon="100.6339283">
              <ele>6.549</ele>
              <time>2020-12-15T03:58:28.420Z</time>
              <fix>3d</fix>
              <hdop>1.87</hdop>
          </trkpt>
          <trkpt lat="14.0670944" lon="100.6339283">
              <ele>6.504</ele>
              <time>2020-12-15T03:58:28.481Z</time>
              <fix>3d</fix>
              <hdop>1.87</hdop>
          </trkpt>
          <trkpt lat="14.0670973" lon="100.6339283">
              <ele>6.451</ele>
              <time>2020-12-15T03:58:28.543Z</time>
              <fix>3d</fix>
              <hdop>1.87</hdop>
          </trkpt>
          <trkpt lat="14.0671001" lon="100.6339282">
              <ele>6.347</ele>
              <time>2020-12-15T03:58:28.604Z</time>
              <fix>3d</fix>
              <hdop>1.87</hdop>
          </trkpt>
          <trkpt lat="14.0671029" lon="100.6339286">
              <ele>6.256</ele>
              <time>2020-12-15T03:58:28.666Z</time>
              <fix>3d</fix>
              <hdop>1.87</hdop>
          </trkpt>
          <trkpt lat="14.0671055" lon="100.633929">
              <ele>6.204</ele>
              <time>2020-12-15T03:58:28.727Z</time>
              <fix>3d</fix>
              <hdop>1.87</hdop>
          </trkpt>
          <trkpt lat="14.0671082" lon="100.6339292">
              <ele>6.117</ele>
              <time>2020-12-15T03:58:28.789Z</time>
              <fix>3d</fix>
              <hdop>1.68</hdop>
          </trkpt>
          <trkpt lat="14.067111" lon="100.6339293">
              <ele>6.089</ele>
              <time>2020-12-15T03:58:28.841Z</time>
              <fix>3d</fix>
              <hdop>1.68</hdop>
          </trkpt>
          <trkpt lat="14.0671137" lon="100.6339297">
              <ele>6.023</ele>
              <time>2020-12-15T03:58:28.893Z</time>
              <fix>3d</fix>
              <hdop>1.68</hdop>
          </trkpt>
          <trkpt lat="14.0671164" lon="100.6339299">
              <ele>5.991</ele>
              <time>2020-12-15T03:58:28.945Z</time>
              <fix>3d</fix>
              <hdop>1.68</hdop>
          </trkpt>
          <trkpt lat="14.0671193" lon="100.6339298">
              <ele>5.974</ele>
              <time>2020-12-15T03:58:28.997Z</time>
              <fix>3d</fix>
              <hdop>1.68</hdop>
          </trkpt>
          <trkpt lat="14.0671222" lon="100.6339298">
              <ele>5.969</ele>
              <time>2020-12-15T03:58:29.049Z</time>
              <fix>3d</fix>
              <hdop>1.68</hdop>
          </trkpt>
          <trkpt lat="14.0671249" lon="100.6339299">
              <ele>5.952</ele>
              <time>2020-12-15T03:58:29.101Z</time>
              <fix>3d</fix>
              <hdop>1.68</hdop>
          </trkpt>
          <trkpt lat="14.0671275" lon="100.63393">
              <ele>5.894</ele>
              <time>2020-12-15T03:58:29.153Z</time>
              <fix>3d</fix>
              <hdop>1.68</hdop>
          </trkpt>
          <trkpt lat="14.0671304" lon="100.6339298">
              <ele>5.897</ele>
              <time>2020-12-15T03:58:29.205Z</time>
              <fix>3d</fix>
              <hdop>1.68</hdop>
          </trkpt>
          <trkpt lat="14.0671331" lon="100.6339301">
              <ele>5.946</ele>
              <time>2020-12-15T03:58:29.257Z</time>
              <fix>3d</fix>
              <hdop>1.68</hdop>
          </trkpt>
          <trkpt lat="14.0671359" lon="100.6339301">
              <ele>5.854</ele>
              <time>2020-12-15T03:58:29.310Z</time>
              <fix>3d</fix>
              <hdop>1.68</hdop>
          </trkpt>
          <trkpt lat="14.0671386" lon="100.6339302">
              <ele>5.819</ele>
              <time>2020-12-15T03:58:29.362Z</time>
              <fix>3d</fix>
              <hdop>1.68</hdop>
          </trkpt>
          <trkpt lat="14.0671414" lon="100.6339302">
              <ele>5.796</ele>
              <time>2020-12-15T03:58:29.414Z</time>
              <fix>3d</fix>
              <hdop>1.68</hdop>
          </trkpt>
          <trkpt lat="14.0671442" lon="100.6339301">
              <ele>5.77</ele>
              <time>2020-12-15T03:58:29.466Z</time>
              <fix>3d</fix>
              <hdop>1.68</hdop>
          </trkpt>
          <trkpt lat="14.067147" lon="100.6339298">
              <ele>5.762</ele>
              <time>2020-12-15T03:58:29.518Z</time>
              <fix>3d</fix>
              <hdop>1.68</hdop>
          </trkpt>
          <trkpt lat="14.0671497" lon="100.6339298">
              <ele>5.732</ele>
              <time>2020-12-15T03:58:29.570Z</time>
              <fix>3d</fix>
              <hdop>1.68</hdop>
          </trkpt>
          <trkpt lat="14.0671524" lon="100.6339298">
              <ele>5.745</ele>
              <time>2020-12-15T03:58:29.622Z</time>
              <fix>3d</fix>
              <hdop>1.68</hdop>
          </trkpt>
          <trkpt lat="14.0671553" lon="100.6339294">
              <ele>5.848</ele>
              <time>2020-12-15T03:58:29.674Z</time>
              <fix>3d</fix>
              <hdop>1.68</hdop>
          </trkpt>
          <trkpt lat="14.067158" lon="100.6339293">
              <ele>5.86</ele>
              <time>2020-12-15T03:58:29.726Z</time>
              <fix>3d</fix>
              <hdop>1.68</hdop>
          </trkpt>
          <trkpt lat="14.0671608" lon="100.6339292">
              <ele>5.842</ele>
              <time>2020-12-15T03:58:29.779Z</time>
              <fix>3d</fix>
              <hdop>1.53</hdop>
          </trkpt>
          <trkpt lat="14.0671634" lon="100.6339292">
              <ele>5.905</ele>
              <time>2020-12-15T03:58:29.834Z</time>
              <fix>3d</fix>
              <hdop>1.53</hdop>
          </trkpt>
          <trkpt lat="14.067166" lon="100.6339291">
              <ele>5.977</ele>
              <time>2020-12-15T03:58:29.889Z</time>
              <fix>3d</fix>
              <hdop>1.53</hdop>
          </trkpt>
          <trkpt lat="14.0671688" lon="100.633929">
              <ele>5.971</ele>
              <time>2020-12-15T03:58:29.944Z</time>
              <fix>3d</fix>
              <hdop>1.53</hdop>
          </trkpt>
          <trkpt lat="14.0671716" lon="100.6339287">
              <ele>6.014</ele>
              <time>2020-12-15T03:58:29.999Z</time>
              <fix>3d</fix>
              <hdop>1.53</hdop>
          </trkpt>
          <trkpt lat="14.0671746" lon="100.6339285">
              <ele>6.011</ele>
              <time>2020-12-15T03:58:30.054Z</time>
              <fix>3d</fix>
              <hdop>1.53</hdop>
          </trkpt>
          <trkpt lat="14.0671773" lon="100.6339284">
              <ele>5.962</ele>
              <time>2020-12-15T03:58:30.109Z</time>
              <fix>3d</fix>
              <hdop>1.53</hdop>
          </trkpt>
          <trkpt lat="14.06718" lon="100.6339283">
              <ele>5.956</ele>
              <time>2020-12-15T03:58:30.164Z</time>
              <fix>3d</fix>
              <hdop>1.53</hdop>
          </trkpt>
          <trkpt lat="14.0671828" lon="100.6339281">
              <ele>5.916</ele>
              <time>2020-12-15T03:58:30.219Z</time>
              <fix>3d</fix>
              <hdop>1.53</hdop>
          </trkpt>
          <trkpt lat="14.0671855" lon="100.6339281">
              <ele>5.915</ele>
              <time>2020-12-15T03:58:30.274Z</time>
              <fix>3d</fix>
              <hdop>1.53</hdop>
          </trkpt>
          <trkpt lat="14.0671883" lon="100.633928">
              <ele>5.959</ele>
              <time>2020-12-15T03:58:30.329Z</time>
              <fix>3d</fix>
              <hdop>1.53</hdop>
          </trkpt>
          <trkpt lat="14.0671912" lon="100.6339278">
              <ele>6.06</ele>
              <time>2020-12-15T03:58:30.384Z</time>
              <fix>3d</fix>
              <hdop>1.53</hdop>
          </trkpt>
          <trkpt lat="14.067194" lon="100.6339276">
              <ele>6.191</ele>
              <time>2020-12-15T03:58:30.439Z</time>
              <fix>3d</fix>
              <hdop>1.53</hdop>
          </trkpt>
          <trkpt lat="14.0671967" lon="100.6339276">
              <ele>6.182</ele>
              <time>2020-12-15T03:58:30.494Z</time>
              <fix>3d</fix>
              <hdop>1.53</hdop>
          </trkpt>
          <trkpt lat="14.0671994" lon="100.633928">
              <ele>6.152</ele>
              <time>2020-12-15T03:58:30.549Z</time>
              <fix>3d</fix>
              <hdop>1.53</hdop>
          </trkpt>
          <trkpt lat="14.0672023" lon="100.6339279">
              <ele>6.126</ele>
              <time>2020-12-15T03:58:30.604Z</time>
              <fix>3d</fix>
              <hdop>1.53</hdop>
          </trkpt>
          <trkpt lat="14.067205" lon="100.633928">
              <ele>6.198</ele>
              <time>2020-12-15T03:58:30.659Z</time>
              <fix>3d</fix>
              <hdop>1.53</hdop>
          </trkpt>
          <trkpt lat="14.0672078" lon="100.6339278">
              <ele>6.223</ele>
              <time>2020-12-15T03:58:30.714Z</time>
              <fix>3d</fix>
              <hdop>1.53</hdop>
          </trkpt>
          <trkpt lat="14.0672107" lon="100.6339279">
              <ele>6.263</ele>
              <time>2020-12-15T03:58:30.769Z</time>
              <fix>3d</fix>
              <hdop>1.43</hdop>
          </trkpt>
          <trkpt lat="14.0672134" lon="100.6339278">
              <ele>6.354</ele>
              <time>2020-12-15T03:58:30.824Z</time>
              <fix>3d</fix>
              <hdop>1.43</hdop>
          </trkpt>
          <trkpt lat="14.0672162" lon="100.6339278">
              <ele>6.467</ele>
              <time>2020-12-15T03:58:30.879Z</time>
              <fix>3d</fix>
              <hdop>1.43</hdop>
          </trkpt>
          <trkpt lat="14.0672192" lon="100.6339277">
              <ele>6.64</ele>
              <time>2020-12-15T03:58:30.934Z</time>
              <fix>3d</fix>
              <hdop>1.43</hdop>
          </trkpt>
          <trkpt lat="14.067222" lon="100.6339275">
              <ele>6.715</ele>
              <time>2020-12-15T03:58:30.989Z</time>
              <fix>3d</fix>
              <hdop>1.43</hdop>
          </trkpt>
          <trkpt lat="14.0672248" lon="100.633927">
              <ele>6.745</ele>
              <time>2020-12-15T03:58:31.044Z</time>
              <fix>3d</fix>
              <hdop>1.43</hdop>
          </trkpt>
          <trkpt lat="14.0672274" lon="100.6339265">
              <ele>6.799</ele>
              <time>2020-12-15T03:58:31.099Z</time>
              <fix>3d</fix>
              <hdop>1.43</hdop>
          </trkpt>
          <trkpt lat="14.0672299" lon="100.6339264">
              <ele>6.766</ele>
              <time>2020-12-15T03:58:31.154Z</time>
              <fix>3d</fix>
              <hdop>1.43</hdop>
          </trkpt>
          <trkpt lat="14.0672324" lon="100.6339261">
              <ele>6.683</ele>
              <time>2020-12-15T03:58:31.209Z</time>
              <fix>3d</fix>
              <hdop>1.43</hdop>
          </trkpt>
          <trkpt lat="14.0672353" lon="100.6339257">
              <ele>6.779</ele>
              <time>2020-12-15T03:58:31.264Z</time>
              <fix>3d</fix>
              <hdop>1.43</hdop>
          </trkpt>
          <trkpt lat="14.0672382" lon="100.6339254">
              <ele>6.87</ele>
              <time>2020-12-15T03:58:31.319Z</time>
              <fix>3d</fix>
              <hdop>1.43</hdop>
          </trkpt>
          <trkpt lat="14.067241" lon="100.633925">
              <ele>6.943</ele>
              <time>2020-12-15T03:58:31.374Z</time>
              <fix>3d</fix>
              <hdop>1.43</hdop>
          </trkpt>
          <trkpt lat="14.0672438" lon="100.6339248">
              <ele>7.007</ele>
              <time>2020-12-15T03:58:31.429Z</time>
              <fix>3d</fix>
              <hdop>1.43</hdop>
          </trkpt>
          <trkpt lat="14.0672465" lon="100.6339246">
              <ele>7.06</ele>
              <time>2020-12-15T03:58:31.484Z</time>
              <fix>3d</fix>
              <hdop>1.43</hdop>
          </trkpt>
          <trkpt lat="14.0672494" lon="100.6339246">
              <ele>7.08</ele>
              <time>2020-12-15T03:58:31.539Z</time>
              <fix>3d</fix>
              <hdop>1.43</hdop>
          </trkpt>
          <trkpt lat="14.0672523" lon="100.6339246">
              <ele>7.129</ele>
              <time>2020-12-15T03:58:31.594Z</time>
              <fix>3d</fix>
              <hdop>1.43</hdop>
          </trkpt>
          <trkpt lat="14.0672553" lon="100.6339244">
              <ele>7.219</ele>
              <time>2020-12-15T03:58:31.649Z</time>
              <fix>3d</fix>
              <hdop>1.43</hdop>
          </trkpt>
          <trkpt lat="14.0672583" lon="100.6339241">
              <ele>7.213</ele>
              <time>2020-12-15T03:58:31.704Z</time>
              <fix>3d</fix>
              <hdop>1.43</hdop>
          </trkpt>
          <trkpt lat="14.0672612" lon="100.6339238">
              <ele>7.234</ele>
              <time>2020-12-15T03:58:31.759Z</time>
              <fix>3d</fix>
              <hdop>1.51</hdop>
          </trkpt>
          <trkpt lat="14.0672641" lon="100.6339237">
              <ele>7.283</ele>
              <time>2020-12-15T03:58:31.811Z</time>
              <fix>3d</fix>
              <hdop>1.51</hdop>
          </trkpt>
          <trkpt lat="14.0672669" lon="100.6339239">
              <ele>7.245</ele>
              <time>2020-12-15T03:58:31.863Z</time>
              <fix>3d</fix>
              <hdop>1.51</hdop>
          </trkpt>
          <trkpt lat="14.0672697" lon="100.6339242">
              <ele>7.215</ele>
              <time>2020-12-15T03:58:31.915Z</time>
              <fix>3d</fix>
              <hdop>1.51</hdop>
          </trkpt>
          <trkpt lat="14.0672724" lon="100.6339243">
              <ele>7.167</ele>
              <time>2020-12-15T03:58:31.967Z</time>
              <fix>3d</fix>
              <hdop>1.51</hdop>
          </trkpt>
          <trkpt lat="14.0672752" lon="100.6339243">
              <ele>7.15</ele>
              <time>2020-12-15T03:58:32.019Z</time>
              <fix>3d</fix>
              <hdop>1.51</hdop>
          </trkpt>
          <trkpt lat="14.0672782" lon="100.6339241">
              <ele>7.15</ele>
              <time>2020-12-15T03:58:32.071Z</time>
              <fix>3d</fix>
              <hdop>1.51</hdop>
          </trkpt>
          <trkpt lat="14.0672813" lon="100.633924">
              <ele>7.143</ele>
              <time>2020-12-15T03:58:32.123Z</time>
              <fix>3d</fix>
              <hdop>1.51</hdop>
          </trkpt>
          <trkpt lat="14.0672844" lon="100.6339233">
              <ele>7.131</ele>
              <time>2020-12-15T03:58:32.175Z</time>
              <fix>3d</fix>
              <hdop>1.51</hdop>
          </trkpt>
          <trkpt lat="14.0672872" lon="100.6339231">
              <ele>7.119</ele>
              <time>2020-12-15T03:58:32.227Z</time>
              <fix>3d</fix>
              <hdop>1.51</hdop>
          </trkpt>
          <trkpt lat="14.0672901" lon="100.6339229">
              <ele>7.274</ele>
              <time>2020-12-15T03:58:32.280Z</time>
              <fix>3d</fix>
              <hdop>1.51</hdop>
          </trkpt>
          <trkpt lat="14.0672929" lon="100.6339227">
              <ele>7.328</ele>
              <time>2020-12-15T03:58:32.332Z</time>
              <fix>3d</fix>
              <hdop>1.51</hdop>
          </trkpt>
          <trkpt lat="14.0672959" lon="100.6339223">
              <ele>7.419</ele>
              <time>2020-12-15T03:58:32.384Z</time>
              <fix>3d</fix>
              <hdop>1.51</hdop>
          </trkpt>
          <trkpt lat="14.0672986" lon="100.6339222">
              <ele>7.351</ele>
              <time>2020-12-15T03:58:32.436Z</time>
              <fix>3d</fix>
              <hdop>1.51</hdop>
          </trkpt>
          <trkpt lat="14.0673016" lon="100.6339222">
              <ele>7.349</ele>
              <time>2020-12-15T03:58:32.488Z</time>
              <fix>3d</fix>
              <hdop>1.51</hdop>
          </trkpt>
          <trkpt lat="14.0673047" lon="100.6339218">
              <ele>7.387</ele>
              <time>2020-12-15T03:58:32.540Z</time>
              <fix>3d</fix>
              <hdop>1.51</hdop>
          </trkpt>
          <trkpt lat="14.0673076" lon="100.6339215">
              <ele>7.459</ele>
              <time>2020-12-15T03:58:32.592Z</time>
              <fix>3d</fix>
              <hdop>1.51</hdop>
          </trkpt>
          <trkpt lat="14.0673106" lon="100.6339214">
              <ele>7.47</ele>
              <time>2020-12-15T03:58:32.644Z</time>
              <fix>3d</fix>
              <hdop>1.51</hdop>
          </trkpt>
          <trkpt lat="14.0673135" lon="100.633921">
              <ele>7.5</ele>
              <time>2020-12-15T03:58:32.696Z</time>
              <fix>3d</fix>
              <hdop>1.51</hdop>
          </trkpt>
          <trkpt lat="14.0673164" lon="100.633921">
              <ele>7.409</ele>
              <time>2020-12-15T03:58:32.749Z</time>
              <fix>3d</fix>
              <hdop>1.66</hdop>
          </trkpt>
          <trkpt lat="14.0673195" lon="100.6339207">
              <ele>7.722</ele>
              <time>2020-12-15T03:58:32.810Z</time>
              <fix>3d</fix>
              <hdop>1.66</hdop>
          </trkpt>
          <trkpt lat="14.0673225" lon="100.6339208">
              <ele>7.651</ele>
              <time>2020-12-15T03:58:32.871Z</time>
              <fix>3d</fix>
              <hdop>1.66</hdop>
          </trkpt>
          <trkpt lat="14.0673254" lon="100.6339208">
              <ele>7.536</ele>
              <time>2020-12-15T03:58:32.933Z</time>
              <fix>3d</fix>
              <hdop>1.66</hdop>
          </trkpt>
          <trkpt lat="14.0673283" lon="100.6339207">
              <ele>7.495</ele>
              <time>2020-12-15T03:58:32.994Z</time>
              <fix>3d</fix>
              <hdop>1.66</hdop>
          </trkpt>
          <trkpt lat="14.0673312" lon="100.6339204">
              <ele>7.59</ele>
              <time>2020-12-15T03:58:33.056Z</time>
              <fix>3d</fix>
              <hdop>1.66</hdop>
          </trkpt>
          <trkpt lat="14.0673344" lon="100.63392">
              <ele>7.754</ele>
              <time>2020-12-15T03:58:33.117Z</time>
              <fix>3d</fix>
              <hdop>1.66</hdop>
          </trkpt>
          <trkpt lat="14.0673374" lon="100.6339197">
              <ele>7.731</ele>
              <time>2020-12-15T03:58:33.179Z</time>
              <fix>3d</fix>
              <hdop>1.66</hdop>
          </trkpt>
          <trkpt lat="14.0673404" lon="100.6339194">
              <ele>7.82</ele>
              <time>2020-12-15T03:58:33.240Z</time>
              <fix>3d</fix>
              <hdop>1.66</hdop>
          </trkpt>
          <trkpt lat="14.0673435" lon="100.633919">
              <ele>7.764</ele>
              <time>2020-12-15T03:58:33.302Z</time>
              <fix>3d</fix>
              <hdop>1.66</hdop>
          </trkpt>
          <trkpt lat="14.0673465" lon="100.6339188">
              <ele>7.799</ele>
              <time>2020-12-15T03:58:33.363Z</time>
              <fix>3d</fix>
              <hdop>1.66</hdop>
          </trkpt>
          <trkpt lat="14.0673495" lon="100.6339185">
              <ele>7.914</ele>
              <time>2020-12-15T03:58:33.425Z</time>
              <fix>3d</fix>
              <hdop>1.66</hdop>
          </trkpt>
          <trkpt lat="14.0673525" lon="100.6339183">
              <ele>7.909</ele>
              <time>2020-12-15T03:58:33.486Z</time>
              <fix>3d</fix>
              <hdop>1.66</hdop>
          </trkpt>
          <trkpt lat="14.0673556" lon="100.6339181">
              <ele>7.852</ele>
              <time>2020-12-15T03:58:33.548Z</time>
              <fix>3d</fix>
              <hdop>1.66</hdop>
          </trkpt>
          <trkpt lat="14.0673585" lon="100.6339181">
              <ele>7.799</ele>
              <time>2020-12-15T03:58:33.609Z</time>
              <fix>3d</fix>
              <hdop>1.66</hdop>
          </trkpt>
          <trkpt lat="14.0673616" lon="100.6339181">
              <ele>7.916</ele>
              <time>2020-12-15T03:58:33.671Z</time>
              <fix>3d</fix>
              <hdop>1.66</hdop>
          </trkpt>
          <trkpt lat="14.0673648" lon="100.6339178">
              <ele>8.012</ele>
              <time>2020-12-15T03:58:33.732Z</time>
              <fix>3d</fix>
              <hdop>1.66</hdop>
          </trkpt>
          <trkpt lat="14.0673678" lon="100.6339177">
              <ele>8.11</ele>
              <time>2020-12-15T03:58:33.794Z</time>
              <fix>3d</fix>
              <hdop>1.66</hdop>
          </trkpt>
          <trkpt lat="14.0673707" lon="100.6339175">
              <ele>8.163</ele>
              <time>2020-12-15T03:58:33.846Z</time>
              <fix>3d</fix>
              <hdop>1.66</hdop>
          </trkpt>
          <trkpt lat="14.0673738" lon="100.6339171">
              <ele>8.175</ele>
              <time>2020-12-15T03:58:33.898Z</time>
              <fix>3d</fix>
              <hdop>1.66</hdop>
          </trkpt>
          <trkpt lat="14.0673768" lon="100.633917">
              <ele>8.193</ele>
              <time>2020-12-15T03:58:33.950Z</time>
              <fix>3d</fix>
              <hdop>1.66</hdop>
          </trkpt>
          <trkpt lat="14.0673797" lon="100.633917">
              <ele>8.229</ele>
              <time>2020-12-15T03:58:34.002Z</time>
              <fix>3d</fix>
              <hdop>1.66</hdop>
          </trkpt>
          <trkpt lat="14.0673826" lon="100.633917">
              <ele>8.286</ele>
              <time>2020-12-15T03:58:34.054Z</time>
              <fix>3d</fix>
              <hdop>1.66</hdop>
          </trkpt>
          <trkpt lat="14.0673857" lon="100.6339168">
              <ele>8.243</ele>
              <time>2020-12-15T03:58:34.106Z</time>
              <fix>3d</fix>
              <hdop>1.66</hdop>
          </trkpt>
          <trkpt lat="14.0673885" lon="100.6339168">
              <ele>8.264</ele>
              <time>2020-12-15T03:58:34.158Z</time>
              <fix>3d</fix>
              <hdop>1.66</hdop>
          </trkpt>
          <trkpt lat="14.0673915" lon="100.6339166">
              <ele>8.237</ele>
              <time>2020-12-15T03:58:34.210Z</time>
              <fix>3d</fix>
              <hdop>1.66</hdop>
          </trkpt>
          <trkpt lat="14.0673946" lon="100.6339166">
              <ele>8.273</ele>
              <time>2020-12-15T03:58:34.262Z</time>
              <fix>3d</fix>
              <hdop>1.66</hdop>
          </trkpt>
          <trkpt lat="14.0673976" lon="100.6339165">
              <ele>8.211</ele>
              <time>2020-12-15T03:58:34.315Z</time>
              <fix>3d</fix>
              <hdop>1.66</hdop>
          </trkpt>
          <trkpt lat="14.0674007" lon="100.6339162">
              <ele>8.18</ele>
              <time>2020-12-15T03:58:34.367Z</time>
              <fix>3d</fix>
              <hdop>1.66</hdop>
          </trkpt>
          <trkpt lat="14.0674037" lon="100.633916">
              <ele>8.21</ele>
              <time>2020-12-15T03:58:34.419Z</time>
              <fix>3d</fix>
              <hdop>1.66</hdop>
          </trkpt>
          <trkpt lat="14.0674065" lon="100.6339162">
              <ele>8.233</ele>
              <time>2020-12-15T03:58:34.471Z</time>
              <fix>3d</fix>
              <hdop>1.66</hdop>
          </trkpt>
          <trkpt lat="14.0674093" lon="100.6339162">
              <ele>8.279</ele>
              <time>2020-12-15T03:58:34.523Z</time>
              <fix>3d</fix>
              <hdop>1.66</hdop>
          </trkpt>
          <trkpt lat="14.0674123" lon="100.6339161">
              <ele>8.277</ele>
              <time>2020-12-15T03:58:34.575Z</time>
              <fix>3d</fix>
              <hdop>1.66</hdop>
          </trkpt>
          <trkpt lat="14.0674153" lon="100.6339161">
              <ele>8.313</ele>
              <time>2020-12-15T03:58:34.627Z</time>
              <fix>3d</fix>
              <hdop>1.66</hdop>
          </trkpt>
          <trkpt lat="14.0674185" lon="100.6339161">
              <ele>8.258</ele>
              <time>2020-12-15T03:58:34.679Z</time>
              <fix>3d</fix>
              <hdop>1.66</hdop>
          </trkpt>
          <trkpt lat="14.0674217" lon="100.6339159">
              <ele>8.181</ele>
              <time>2020-12-15T03:58:34.731Z</time>
              <fix>3d</fix>
              <hdop>1.66</hdop>
          </trkpt>
          <trkpt lat="14.0674246" lon="100.6339157">
              <ele>8.07</ele>
              <time>2020-12-15T03:58:34.784Z</time>
              <fix>3d</fix>
              <hdop>1.66</hdop>
          </trkpt>
          <trkpt lat="14.0674276" lon="100.6339155">
              <ele>8.121</ele>
              <time>2020-12-15T03:58:34.839Z</time>
              <fix>3d</fix>
              <hdop>1.66</hdop>
          </trkpt>
          <trkpt lat="14.0674307" lon="100.6339154">
              <ele>8.079</ele>
              <time>2020-12-15T03:58:34.894Z</time>
              <fix>3d</fix>
              <hdop>1.66</hdop>
          </trkpt>
          <trkpt lat="14.0674338" lon="100.6339153">
              <ele>8.067</ele>
              <time>2020-12-15T03:58:34.949Z</time>
              <fix>3d</fix>
              <hdop>1.66</hdop>
          </trkpt>
          <trkpt lat="14.0674368" lon="100.6339151">
              <ele>8.009</ele>
              <time>2020-12-15T03:58:35.004Z</time>
              <fix>3d</fix>
              <hdop>1.66</hdop>
          </trkpt>
          <trkpt lat="14.0674399" lon="100.6339151">
              <ele>8.053</ele>
              <time>2020-12-15T03:58:35.059Z</time>
              <fix>3d</fix>
              <hdop>1.66</hdop>
          </trkpt>
          <trkpt lat="14.0674429" lon="100.6339151">
              <ele>7.994</ele>
              <time>2020-12-15T03:58:35.114Z</time>
              <fix>3d</fix>
              <hdop>1.66</hdop>
          </trkpt>
          <trkpt lat="14.067446" lon="100.633915">
              <ele>7.937</ele>
              <time>2020-12-15T03:58:35.169Z</time>
              <fix>3d</fix>
              <hdop>1.66</hdop>
          </trkpt>
          <trkpt lat="14.0674491" lon="100.6339152">
              <ele>7.99</ele>
              <time>2020-12-15T03:58:35.224Z</time>
              <fix>3d</fix>
              <hdop>1.66</hdop>
          </trkpt>
          <trkpt lat="14.0674521" lon="100.633915">
              <ele>7.858</ele>
              <time>2020-12-15T03:58:35.279Z</time>
              <fix>3d</fix>
              <hdop>1.66</hdop>
          </trkpt>
          <trkpt lat="14.0674552" lon="100.6339151">
              <ele>7.858</ele>
              <time>2020-12-15T03:58:35.334Z</time>
              <fix>3d</fix>
              <hdop>1.66</hdop>
          </trkpt>
          <trkpt lat="14.0674583" lon="100.6339152">
              <ele>7.812</ele>
              <time>2020-12-15T03:58:35.389Z</time>
              <fix>3d</fix>
              <hdop>1.66</hdop>
          </trkpt>
          <trkpt lat="14.0674612" lon="100.6339152">
              <ele>7.736</ele>
              <time>2020-12-15T03:58:35.444Z</time>
              <fix>3d</fix>
              <hdop>1.66</hdop>
          </trkpt>
          <trkpt lat="14.0674643" lon="100.6339154">
              <ele>7.75</ele>
              <time>2020-12-15T03:58:35.499Z</time>
              <fix>3d</fix>
              <hdop>1.66</hdop>
          </trkpt>
          <trkpt lat="14.0674673" lon="100.6339154">
              <ele>7.725</ele>
              <time>2020-12-15T03:58:35.554Z</time>
              <fix>3d</fix>
              <hdop>1.66</hdop>
          </trkpt>
          <trkpt lat="14.0674704" lon="100.6339153">
              <ele>7.707</ele>
              <time>2020-12-15T03:58:35.609Z</time>
              <fix>3d</fix>
              <hdop>1.66</hdop>
          </trkpt>
          <trkpt lat="14.0674734" lon="100.6339154">
              <ele>7.625</ele>
              <time>2020-12-15T03:58:35.664Z</time>
              <fix>3d</fix>
              <hdop>1.66</hdop>
          </trkpt>
          <trkpt lat="14.0674765" lon="100.6339154">
              <ele>7.583</ele>
              <time>2020-12-15T03:58:35.719Z</time>
              <fix>3d</fix>
              <hdop>1.66</hdop>
          </trkpt>
          <trkpt lat="14.0674797" lon="100.6339156">
              <ele>7.623</ele>
              <time>2020-12-15T03:58:35.774Z</time>
              <fix>3d</fix>
              <hdop>1.48</hdop>
          </trkpt>
          <trkpt lat="14.0674828" lon="100.633916">
              <ele>7.521</ele>
              <time>2020-12-15T03:58:35.829Z</time>
              <fix>3d</fix>
              <hdop>1.48</hdop>
          </trkpt>
          <trkpt lat="14.0674858" lon="100.6339159">
              <ele>7.416</ele>
              <time>2020-12-15T03:58:35.884Z</time>
              <fix>3d</fix>
              <hdop>1.48</hdop>
          </trkpt>
          <trkpt lat="14.0674889" lon="100.6339161">
              <ele>7.417</ele>
              <time>2020-12-15T03:58:35.939Z</time>
              <fix>3d</fix>
              <hdop>1.48</hdop>
          </trkpt>
          <trkpt lat="14.067492" lon="100.6339162">
              <ele>7.327</ele>
              <time>2020-12-15T03:58:35.994Z</time>
              <fix>3d</fix>
              <hdop>1.48</hdop>
          </trkpt>
          <trkpt lat="14.0674952" lon="100.6339165">
              <ele>7.22</ele>
              <time>2020-12-15T03:58:36.049Z</time>
              <fix>3d</fix>
              <hdop>1.48</hdop>
          </trkpt>
          <trkpt lat="14.0674983" lon="100.6339167">
              <ele>7.123</ele>
              <time>2020-12-15T03:58:36.104Z</time>
              <fix>3d</fix>
              <hdop>1.48</hdop>
          </trkpt>
          <trkpt lat="14.0675014" lon="100.6339167">
              <ele>6.975</ele>
              <time>2020-12-15T03:58:36.159Z</time>
              <fix>3d</fix>
              <hdop>1.48</hdop>
          </trkpt>
          <trkpt lat="14.0675044" lon="100.6339167">
              <ele>6.865</ele>
              <time>2020-12-15T03:58:36.214Z</time>
              <fix>3d</fix>
              <hdop>1.48</hdop>
          </trkpt>
          <trkpt lat="14.0675076" lon="100.6339166">
              <ele>6.819</ele>
              <time>2020-12-15T03:58:36.269Z</time>
              <fix>3d</fix>
              <hdop>1.48</hdop>
          </trkpt>
          <trkpt lat="14.0675108" lon="100.6339166">
              <ele>6.798</ele>
              <time>2020-12-15T03:58:36.324Z</time>
              <fix>3d</fix>
              <hdop>1.48</hdop>
          </trkpt>
          <trkpt lat="14.067514" lon="100.6339164">
              <ele>6.821</ele>
              <time>2020-12-15T03:58:36.379Z</time>
              <fix>3d</fix>
              <hdop>1.48</hdop>
          </trkpt>
          <trkpt lat="14.0675171" lon="100.6339162">
              <ele>6.791</ele>
              <time>2020-12-15T03:58:36.434Z</time>
              <fix>3d</fix>
              <hdop>1.48</hdop>
          </trkpt>
          <trkpt lat="14.0675202" lon="100.6339163">
              <ele>6.735</ele>
              <time>2020-12-15T03:58:36.489Z</time>
              <fix>3d</fix>
              <hdop>1.48</hdop>
          </trkpt>
          <trkpt lat="14.0675235" lon="100.6339164">
              <ele>6.748</ele>
              <time>2020-12-15T03:58:36.544Z</time>
              <fix>3d</fix>
              <hdop>1.48</hdop>
          </trkpt>
          <trkpt lat="14.0675267" lon="100.6339164">
              <ele>6.703</ele>
              <time>2020-12-15T03:58:36.599Z</time>
              <fix>3d</fix>
              <hdop>1.48</hdop>
          </trkpt>
          <trkpt lat="14.0675299" lon="100.6339165">
              <ele>6.624</ele>
              <time>2020-12-15T03:58:36.654Z</time>
              <fix>3d</fix>
              <hdop>1.48</hdop>
          </trkpt>
          <trkpt lat="14.0675331" lon="100.6339163">
              <ele>6.621</ele>
              <time>2020-12-15T03:58:36.709Z</time>
              <fix>3d</fix>
              <hdop>1.48</hdop>
          </trkpt>
          <trkpt lat="14.0675364" lon="100.6339161">
              <ele>6.677</ele>
              <time>2020-12-15T03:58:36.764Z</time>
              <fix>3d</fix>
              <hdop>1.48</hdop>
          </trkpt>
          <trkpt lat="14.0675396" lon="100.6339159">
              <ele>6.698</ele>
              <time>2020-12-15T03:58:36.819Z</time>
              <fix>3d</fix>
              <hdop>1.48</hdop>
          </trkpt>
          <trkpt lat="14.0675428" lon="100.6339158">
              <ele>6.846</ele>
              <time>2020-12-15T03:58:36.874Z</time>
              <fix>3d</fix>
              <hdop>1.48</hdop>
          </trkpt>
          <trkpt lat="14.0675461" lon="100.6339155">
              <ele>6.903</ele>
              <time>2020-12-15T03:58:36.929Z</time>
              <fix>3d</fix>
              <hdop>1.48</hdop>
          </trkpt>
          <trkpt lat="14.0675493" lon="100.6339154">
              <ele>7.018</ele>
              <time>2020-12-15T03:58:36.984Z</time>
              <fix>3d</fix>
              <hdop>1.48</hdop>
          </trkpt>
          <trkpt lat="14.0675525" lon="100.633915">
              <ele>7.084</ele>
              <time>2020-12-15T03:58:37.039Z</time>
              <fix>3d</fix>
              <hdop>1.48</hdop>
          </trkpt>
          <trkpt lat="14.0675559" lon="100.6339147">
              <ele>7.165</ele>
              <time>2020-12-15T03:58:37.094Z</time>
              <fix>3d</fix>
              <hdop>1.48</hdop>
          </trkpt>
          <trkpt lat="14.0675592" lon="100.6339146">
              <ele>7.268</ele>
              <time>2020-12-15T03:58:37.149Z</time>
              <fix>3d</fix>
              <hdop>1.48</hdop>
          </trkpt>
          <trkpt lat="14.0675624" lon="100.6339145">
              <ele>7.307</ele>
              <time>2020-12-15T03:58:37.204Z</time>
              <fix>3d</fix>
              <hdop>1.48</hdop>
          </trkpt>
          <trkpt lat="14.0675655" lon="100.6339143">
              <ele>7.297</ele>
              <time>2020-12-15T03:58:37.259Z</time>
              <fix>3d</fix>
              <hdop>1.48</hdop>
          </trkpt>
          <trkpt lat="14.0675685" lon="100.633914">
              <ele>7.165</ele>
              <time>2020-12-15T03:58:37.314Z</time>
              <fix>3d</fix>
              <hdop>1.48</hdop>
          </trkpt>
          <trkpt lat="14.0675717" lon="100.6339137">
              <ele>7.161</ele>
              <time>2020-12-15T03:58:37.369Z</time>
              <fix>3d</fix>
              <hdop>1.48</hdop>
          </trkpt>
          <trkpt lat="14.0675748" lon="100.6339136">
              <ele>7.223</ele>
              <time>2020-12-15T03:58:37.424Z</time>
              <fix>3d</fix>
              <hdop>1.48</hdop>
          </trkpt>
          <trkpt lat="14.0675782" lon="100.6339132">
              <ele>7.267</ele>
              <time>2020-12-15T03:58:37.479Z</time>
              <fix>3d</fix>
              <hdop>1.48</hdop>
          </trkpt>
          <trkpt lat="14.0675817" lon="100.633913">
              <ele>7.334</ele>
              <time>2020-12-15T03:58:37.534Z</time>
              <fix>3d</fix>
              <hdop>1.48</hdop>
          </trkpt>
          <trkpt lat="14.0675851" lon="100.6339129">
              <ele>7.386</ele>
              <time>2020-12-15T03:58:37.589Z</time>
              <fix>3d</fix>
              <hdop>1.48</hdop>
          </trkpt>
          <trkpt lat="14.0675884" lon="100.6339127">
              <ele>7.443</ele>
              <time>2020-12-15T03:58:37.644Z</time>
              <fix>3d</fix>
              <hdop>1.48</hdop>
          </trkpt>
          <trkpt lat="14.0675916" lon="100.6339128">
              <ele>7.456</ele>
              <time>2020-12-15T03:58:37.699Z</time>
              <fix>3d</fix>
              <hdop>1.48</hdop>
          </trkpt>
          <trkpt lat="14.0675949" lon="100.6339129">
              <ele>7.473</ele>
              <time>2020-12-15T03:58:37.754Z</time>
              <fix>3d</fix>
              <hdop>1.58</hdop>
          </trkpt>
          <trkpt lat="14.0675982" lon="100.6339127">
              <ele>7.436</ele>
              <time>2020-12-15T03:58:37.812Z</time>
              <fix>3d</fix>
              <hdop>1.58</hdop>
          </trkpt>
          <trkpt lat="14.0676015" lon="100.6339126">
              <ele>7.442</ele>
              <time>2020-12-15T03:58:37.870Z</time>
              <fix>3d</fix>
              <hdop>1.58</hdop>
          </trkpt>
          <trkpt lat="14.0676048" lon="100.6339123">
              <ele>7.45</ele>
              <time>2020-12-15T03:58:37.928Z</time>
              <fix>3d</fix>
              <hdop>1.58</hdop>
          </trkpt>
          <trkpt lat="14.0676081" lon="100.6339123">
              <ele>7.497</ele>
              <time>2020-12-15T03:58:37.986Z</time>
              <fix>3d</fix>
              <hdop>1.58</hdop>
          </trkpt>
          <trkpt lat="14.0676114" lon="100.6339122">
              <ele>7.517</ele>
              <time>2020-12-15T03:58:38.044Z</time>
              <fix>3d</fix>
              <hdop>1.58</hdop>
          </trkpt>
          <trkpt lat="14.0676148" lon="100.6339123">
              <ele>7.664</ele>
              <time>2020-12-15T03:58:38.102Z</time>
              <fix>3d</fix>
              <hdop>1.58</hdop>
          </trkpt>
          <trkpt lat="14.0676182" lon="100.6339115">
              <ele>7.658</ele>
              <time>2020-12-15T03:58:38.160Z</time>
              <fix>3d</fix>
              <hdop>1.58</hdop>
          </trkpt>
          <trkpt lat="14.0676218" lon="100.6339109">
              <ele>7.824</ele>
              <time>2020-12-15T03:58:38.218Z</time>
              <fix>3d</fix>
              <hdop>1.58</hdop>
          </trkpt>
          <trkpt lat="14.0676253" lon="100.6339109">
              <ele>8.006</ele>
              <time>2020-12-15T03:58:38.276Z</time>
              <fix>3d</fix>
              <hdop>1.58</hdop>
          </trkpt>
          <trkpt lat="14.0676286" lon="100.6339108">
              <ele>7.944</ele>
              <time>2020-12-15T03:58:38.334Z</time>
              <fix>3d</fix>
              <hdop>1.58</hdop>
          </trkpt>
          <trkpt lat="14.0676321" lon="100.6339104">
              <ele>7.901</ele>
              <time>2020-12-15T03:58:38.392Z</time>
              <fix>3d</fix>
              <hdop>1.58</hdop>
          </trkpt>
          <trkpt lat="14.0676356" lon="100.6339102">
              <ele>7.954</ele>
              <time>2020-12-15T03:58:38.450Z</time>
              <fix>3d</fix>
              <hdop>1.58</hdop>
          </trkpt>
          <trkpt lat="14.0676392" lon="100.6339102">
              <ele>8.011</ele>
              <time>2020-12-15T03:58:38.508Z</time>
              <fix>3d</fix>
              <hdop>1.58</hdop>
          </trkpt>
          <trkpt lat="14.0676426" lon="100.6339104">
              <ele>7.987</ele>
              <time>2020-12-15T03:58:38.566Z</time>
              <fix>3d</fix>
              <hdop>1.58</hdop>
          </trkpt>
          <trkpt lat="14.0676459" lon="100.6339104">
              <ele>7.907</ele>
              <time>2020-12-15T03:58:38.624Z</time>
              <fix>3d</fix>
              <hdop>1.58</hdop>
          </trkpt>
          <trkpt lat="14.0676493" lon="100.6339107">
              <ele>7.897</ele>
              <time>2020-12-15T03:58:38.682Z</time>
              <fix>3d</fix>
              <hdop>1.58</hdop>
          </trkpt>
          <trkpt lat="14.0676528" lon="100.6339111">
              <ele>7.979</ele>
              <time>2020-12-15T03:58:38.740Z</time>
              <fix>3d</fix>
              <hdop>1.58</hdop>
          </trkpt>
          <trkpt lat="14.0676562" lon="100.633911">
              <ele>7.967</ele>
              <time>2020-12-15T03:58:38.799Z</time>
              <fix>3d</fix>
              <hdop>1.58</hdop>
          </trkpt>
          <trkpt lat="14.0676597" lon="100.6339112">
              <ele>7.981</ele>
              <time>2020-12-15T03:58:38.851Z</time>
              <fix>3d</fix>
              <hdop>1.58</hdop>
          </trkpt>
          <trkpt lat="14.0676631" lon="100.6339113">
              <ele>7.936</ele>
              <time>2020-12-15T03:58:38.903Z</time>
              <fix>3d</fix>
              <hdop>1.58</hdop>
          </trkpt>
          <trkpt lat="14.0676665" lon="100.6339113">
              <ele>7.94</ele>
              <time>2020-12-15T03:58:38.955Z</time>
              <fix>3d</fix>
              <hdop>1.58</hdop>
          </trkpt>
          <trkpt lat="14.0676701" lon="100.6339114">
              <ele>7.999</ele>
              <time>2020-12-15T03:58:39.007Z</time>
              <fix>3d</fix>
              <hdop>1.58</hdop>
          </trkpt>
          <trkpt lat="14.0676735" lon="100.6339116">
              <ele>8.007</ele>
              <time>2020-12-15T03:58:39.059Z</time>
              <fix>3d</fix>
              <hdop>1.58</hdop>
          </trkpt>
          <trkpt lat="14.0676771" lon="100.6339117">
              <ele>8.031</ele>
              <time>2020-12-15T03:58:39.111Z</time>
              <fix>3d</fix>
              <hdop>1.58</hdop>
          </trkpt>
          <trkpt lat="14.0676806" lon="100.6339116">
              <ele>7.998</ele>
              <time>2020-12-15T03:58:39.163Z</time>
              <fix>3d</fix>
              <hdop>1.58</hdop>
          </trkpt>
          <trkpt lat="14.067684" lon="100.6339116">
              <ele>8.019</ele>
              <time>2020-12-15T03:58:39.215Z</time>
              <fix>3d</fix>
              <hdop>1.58</hdop>
          </trkpt>
          <trkpt lat="14.0676874" lon="100.6339116">
              <ele>8.069</ele>
              <time>2020-12-15T03:58:39.267Z</time>
              <fix>3d</fix>
              <hdop>1.58</hdop>
          </trkpt>
          <trkpt lat="14.0676907" lon="100.6339117">
              <ele>8.064</ele>
              <time>2020-12-15T03:58:39.320Z</time>
              <fix>3d</fix>
              <hdop>1.58</hdop>
          </trkpt>
          <trkpt lat="14.0676942" lon="100.6339115">
              <ele>8.147</ele>
              <time>2020-12-15T03:58:39.372Z</time>
              <fix>3d</fix>
              <hdop>1.58</hdop>
          </trkpt>
          <trkpt lat="14.0676976" lon="100.633911">
              <ele>8.155</ele>
              <time>2020-12-15T03:58:39.424Z</time>
              <fix>3d</fix>
              <hdop>1.58</hdop>
          </trkpt>
          <trkpt lat="14.0677012" lon="100.6339109">
              <ele>8.232</ele>
              <time>2020-12-15T03:58:39.476Z</time>
              <fix>3d</fix>
              <hdop>1.58</hdop>
          </trkpt>
          <trkpt lat="14.0677047" lon="100.6339112">
              <ele>8.309</ele>
              <time>2020-12-15T03:58:39.528Z</time>
              <fix>3d</fix>
              <hdop>1.58</hdop>
          </trkpt>
          <trkpt lat="14.067708" lon="100.6339113">
              <ele>8.331</ele>
              <time>2020-12-15T03:58:39.580Z</time>
              <fix>3d</fix>
              <hdop>1.58</hdop>
          </trkpt>
          <trkpt lat="14.0677113" lon="100.6339115">
              <ele>8.38</ele>
              <time>2020-12-15T03:58:39.632Z</time>
              <fix>3d</fix>
              <hdop>1.58</hdop>
          </trkpt>
          <trkpt lat="14.0677146" lon="100.6339115">
              <ele>8.357</ele>
              <time>2020-12-15T03:58:39.684Z</time>
              <fix>3d</fix>
              <hdop>1.58</hdop>
          </trkpt>
          <trkpt lat="14.0677181" lon="100.6339117">
              <ele>8.392</ele>
              <time>2020-12-15T03:58:39.736Z</time>
              <fix>3d</fix>
              <hdop>1.58</hdop>
          </trkpt>
          <trkpt lat="14.0677215" lon="100.633912">
              <ele>8.319</ele>
              <time>2020-12-15T03:58:39.789Z</time>
              <fix>3d</fix>
              <hdop>1.48</hdop>
          </trkpt>
          <trkpt lat="14.0677249" lon="100.633912">
              <ele>8.363</ele>
              <time>2020-12-15T03:58:39.847Z</time>
              <fix>3d</fix>
              <hdop>1.48</hdop>
          </trkpt>
          <trkpt lat="14.0677283" lon="100.6339119">
              <ele>8.423</ele>
              <time>2020-12-15T03:58:39.905Z</time>
              <fix>3d</fix>
              <hdop>1.48</hdop>
          </trkpt>
          <trkpt lat="14.0677317" lon="100.6339119">
              <ele>8.436</ele>
              <time>2020-12-15T03:58:39.963Z</time>
              <fix>3d</fix>
              <hdop>1.48</hdop>
          </trkpt>
          <trkpt lat="14.0677352" lon="100.6339118">
              <ele>8.499</ele>
              <time>2020-12-15T03:58:40.021Z</time>
              <fix>3d</fix>
              <hdop>1.48</hdop>
          </trkpt>
          <trkpt lat="14.0677385" lon="100.6339122">
              <ele>8.484</ele>
              <time>2020-12-15T03:58:40.080Z</time>
              <fix>3d</fix>
              <hdop>1.48</hdop>
          </trkpt>
          <trkpt lat="14.0677418" lon="100.6339122">
              <ele>8.498</ele>
              <time>2020-12-15T03:58:40.138Z</time>
              <fix>3d</fix>
              <hdop>1.48</hdop>
          </trkpt>
          <trkpt lat="14.0677452" lon="100.6339123">
              <ele>8.555</ele>
              <time>2020-12-15T03:58:40.196Z</time>
              <fix>3d</fix>
              <hdop>1.48</hdop>
          </trkpt>
          <trkpt lat="14.0677485" lon="100.6339121">
              <ele>8.533</ele>
              <time>2020-12-15T03:58:40.254Z</time>
              <fix>3d</fix>
              <hdop>1.48</hdop>
          </trkpt>
          <trkpt lat="14.067752" lon="100.6339121">
              <ele>8.568</ele>
              <time>2020-12-15T03:58:40.313Z</time>
              <fix>3d</fix>
              <hdop>1.48</hdop>
          </trkpt>
          <trkpt lat="14.0677554" lon="100.6339121">
              <ele>8.546</ele>
              <time>2020-12-15T03:58:40.371Z</time>
              <fix>3d</fix>
              <hdop>1.48</hdop>
          </trkpt>
          <trkpt lat="14.0677589" lon="100.6339122">
              <ele>8.595</ele>
              <time>2020-12-15T03:58:40.429Z</time>
              <fix>3d</fix>
              <hdop>1.48</hdop>
          </trkpt>
          <trkpt lat="14.0677624" lon="100.6339124">
              <ele>8.643</ele>
              <time>2020-12-15T03:58:40.487Z</time>
              <fix>3d</fix>
              <hdop>1.48</hdop>
          </trkpt>
          <trkpt lat="14.0677658" lon="100.6339126">
              <ele>8.546</ele>
              <time>2020-12-15T03:58:40.546Z</time>
              <fix>3d</fix>
              <hdop>1.48</hdop>
          </trkpt>
          <trkpt lat="14.0677692" lon="100.6339128">
              <ele>8.545</ele>
              <time>2020-12-15T03:58:40.604Z</time>
              <fix>3d</fix>
              <hdop>1.48</hdop>
          </trkpt>
          <trkpt lat="14.0677727" lon="100.6339129">
              <ele>8.525</ele>
              <time>2020-12-15T03:58:40.662Z</time>
              <fix>3d</fix>
              <hdop>1.48</hdop>
          </trkpt>
          <trkpt lat="14.0677761" lon="100.6339129">
              <ele>8.536</ele>
              <time>2020-12-15T03:58:40.720Z</time>
              <fix>3d</fix>
              <hdop>1.48</hdop>
          </trkpt>
          <trkpt lat="14.0677795" lon="100.633913">
              <ele>8.519</ele>
              <time>2020-12-15T03:58:40.779Z</time>
              <fix>3d</fix>
              <hdop>1.48</hdop>
          </trkpt>
          <trkpt lat="14.0677828" lon="100.6339128">
              <ele>8.466</ele>
              <time>2020-12-15T03:58:40.831Z</time>
              <fix>3d</fix>
              <hdop>1.48</hdop>
          </trkpt>
          <trkpt lat="14.0677863" lon="100.6339129">
              <ele>8.469</ele>
              <time>2020-12-15T03:58:40.883Z</time>
              <fix>3d</fix>
              <hdop>1.48</hdop>
          </trkpt>
          <trkpt lat="14.0677898" lon="100.633913">
              <ele>8.439</ele>
              <time>2020-12-15T03:58:40.935Z</time>
              <fix>3d</fix>
              <hdop>1.48</hdop>
          </trkpt>
          <trkpt lat="14.0677931" lon="100.6339134">
              <ele>8.368</ele>
              <time>2020-12-15T03:58:40.987Z</time>
              <fix>3d</fix>
              <hdop>1.48</hdop>
          </trkpt>
          <trkpt lat="14.0677965" lon="100.6339137">
              <ele>8.35</ele>
              <time>2020-12-15T03:58:41.039Z</time>
              <fix>3d</fix>
              <hdop>1.48</hdop>
          </trkpt>
          <trkpt lat="14.0677999" lon="100.6339138">
              <ele>8.306</ele>
              <time>2020-12-15T03:58:41.091Z</time>
              <fix>3d</fix>
              <hdop>1.48</hdop>
          </trkpt>
          <trkpt lat="14.0678031" lon="100.633914">
              <ele>8.234</ele>
              <time>2020-12-15T03:58:41.143Z</time>
              <fix>3d</fix>
              <hdop>1.48</hdop>
          </trkpt>
          <trkpt lat="14.0678066" lon="100.6339139">
              <ele>8.218</ele>
              <time>2020-12-15T03:58:41.195Z</time>
              <fix>3d</fix>
              <hdop>1.48</hdop>
          </trkpt>
          <trkpt lat="14.0678099" lon="100.633914">
              <ele>8.158</ele>
              <time>2020-12-15T03:58:41.247Z</time>
              <fix>3d</fix>
              <hdop>1.48</hdop>
          </trkpt>
          <trkpt lat="14.0678133" lon="100.6339141">
              <ele>8.16</ele>
              <time>2020-12-15T03:58:41.300Z</time>
              <fix>3d</fix>
              <hdop>1.48</hdop>
          </trkpt>
          <trkpt lat="14.0678169" lon="100.633914">
              <ele>8.2</ele>
              <time>2020-12-15T03:58:41.352Z</time>
              <fix>3d</fix>
              <hdop>1.48</hdop>
          </trkpt>
          <trkpt lat="14.0678202" lon="100.6339141">
              <ele>8.168</ele>
              <time>2020-12-15T03:58:41.404Z</time>
              <fix>3d</fix>
              <hdop>1.48</hdop>
          </trkpt>
          <trkpt lat="14.0678235" lon="100.6339144">
              <ele>8.182</ele>
              <time>2020-12-15T03:58:41.456Z</time>
              <fix>3d</fix>
              <hdop>1.48</hdop>
          </trkpt>
          <trkpt lat="14.0678269" lon="100.6339145">
              <ele>8.186</ele>
              <time>2020-12-15T03:58:41.508Z</time>
              <fix>3d</fix>
              <hdop>1.48</hdop>
          </trkpt>
          <trkpt lat="14.0678302" lon="100.6339148">
              <ele>8.264</ele>
              <time>2020-12-15T03:58:41.560Z</time>
              <fix>3d</fix>
              <hdop>1.48</hdop>
          </trkpt>
          <trkpt lat="14.0678336" lon="100.6339148">
              <ele>8.312</ele>
              <time>2020-12-15T03:58:41.612Z</time>
              <fix>3d</fix>
              <hdop>1.48</hdop>
          </trkpt>
          <trkpt lat="14.067837" lon="100.6339145">
              <ele>8.37</ele>
              <time>2020-12-15T03:58:41.664Z</time>
              <fix>3d</fix>
              <hdop>1.48</hdop>
          </trkpt>
          <trkpt lat="14.0678404" lon="100.6339146">
              <ele>8.344</ele>
              <time>2020-12-15T03:58:41.716Z</time>
              <fix>3d</fix>
              <hdop>1.48</hdop>
          </trkpt>
          <trkpt lat="14.0678439" lon="100.6339144">
              <ele>8.342</ele>
              <time>2020-12-15T03:58:41.769Z</time>
              <fix>3d</fix>
              <hdop>1.32</hdop>
          </trkpt>
          <trkpt lat="14.0678472" lon="100.633914">
              <ele>8.443</ele>
              <time>2020-12-15T03:58:41.827Z</time>
              <fix>3d</fix>
              <hdop>1.32</hdop>
          </trkpt>
          <trkpt lat="14.0678505" lon="100.6339139">
              <ele>8.393</ele>
              <time>2020-12-15T03:58:41.885Z</time>
              <fix>3d</fix>
              <hdop>1.32</hdop>
          </trkpt>
          <trkpt lat="14.067854" lon="100.6339139">
              <ele>8.313</ele>
              <time>2020-12-15T03:58:41.943Z</time>
              <fix>3d</fix>
              <hdop>1.32</hdop>
          </trkpt>
          <trkpt lat="14.0678576" lon="100.6339134">
              <ele>8.323</ele>
              <time>2020-12-15T03:58:42.001Z</time>
              <fix>3d</fix>
              <hdop>1.32</hdop>
          </trkpt>
          <trkpt lat="14.0678611" lon="100.6339129">
              <ele>8.381</ele>
              <time>2020-12-15T03:58:42.059Z</time>
              <fix>3d</fix>
              <hdop>1.32</hdop>
          </trkpt>
          <trkpt lat="14.0678645" lon="100.633913">
              <ele>8.303</ele>
              <time>2020-12-15T03:58:42.117Z</time>
              <fix>3d</fix>
              <hdop>1.32</hdop>
          </trkpt>
          <trkpt lat="14.0678678" lon="100.6339131">
              <ele>8.259</ele>
              <time>2020-12-15T03:58:42.175Z</time>
              <fix>3d</fix>
              <hdop>1.32</hdop>
          </trkpt>
          <trkpt lat="14.0678714" lon="100.6339131">
              <ele>8.286</ele>
              <time>2020-12-15T03:58:42.233Z</time>
              <fix>3d</fix>
              <hdop>1.32</hdop>
          </trkpt>
          <trkpt lat="14.0678746" lon="100.6339132">
              <ele>8.215</ele>
              <time>2020-12-15T03:58:42.291Z</time>
              <fix>3d</fix>
              <hdop>1.32</hdop>
          </trkpt>
          <trkpt lat="14.0678781" lon="100.633913">
              <ele>8.288</ele>
              <time>2020-12-15T03:58:42.349Z</time>
              <fix>3d</fix>
              <hdop>1.32</hdop>
          </trkpt>
          <trkpt lat="14.0678813" lon="100.6339128">
              <ele>8.273</ele>
              <time>2020-12-15T03:58:42.407Z</time>
              <fix>3d</fix>
              <hdop>1.32</hdop>
          </trkpt>
          <trkpt lat="14.0678847" lon="100.6339125">
              <ele>8.255</ele>
              <time>2020-12-15T03:58:42.465Z</time>
              <fix>3d</fix>
              <hdop>1.32</hdop>
          </trkpt>
          <trkpt lat="14.0678882" lon="100.633912">
              <ele>8.274</ele>
              <time>2020-12-15T03:58:42.523Z</time>
              <fix>3d</fix>
              <hdop>1.32</hdop>
          </trkpt>
          <trkpt lat="14.0678915" lon="100.6339119">
              <ele>8.375</ele>
              <time>2020-12-15T03:58:42.581Z</time>
              <fix>3d</fix>
              <hdop>1.32</hdop>
          </trkpt>
          <trkpt lat="14.0678949" lon="100.6339118">
              <ele>8.374</ele>
              <time>2020-12-15T03:58:42.639Z</time>
              <fix>3d</fix>
              <hdop>1.32</hdop>
          </trkpt>
          <trkpt lat="14.0678983" lon="100.6339118">
              <ele>8.405</ele>
              <time>2020-12-15T03:58:42.697Z</time>
              <fix>3d</fix>
              <hdop>1.32</hdop>
          </trkpt>
          <trkpt lat="14.0679016" lon="100.6339119">
              <ele>8.434</ele>
              <time>2020-12-15T03:58:42.755Z</time>
              <fix>3d</fix>
              <hdop>1.32</hdop>
          </trkpt>
          <trkpt lat="14.0679049" lon="100.6339119">
              <ele>8.445</ele>
              <time>2020-12-15T03:58:42.814Z</time>
              <fix>3d</fix>
              <hdop>1.32</hdop>
          </trkpt>
          <trkpt lat="14.0679084" lon="100.6339117">
              <ele>8.453</ele>
              <time>2020-12-15T03:58:42.863Z</time>
              <fix>3d</fix>
              <hdop>1.32</hdop>
          </trkpt>
          <trkpt lat="14.0679118" lon="100.6339116">
              <ele>8.504</ele>
              <time>2020-12-15T03:58:42.912Z</time>
              <fix>3d</fix>
              <hdop>1.32</hdop>
          </trkpt>
          <trkpt lat="14.0679152" lon="100.6339115">
              <ele>8.584</ele>
              <time>2020-12-15T03:58:42.961Z</time>
              <fix>3d</fix>
              <hdop>1.32</hdop>
          </trkpt>
          <trkpt lat="14.0679185" lon="100.6339116">
              <ele>8.655</ele>
              <time>2020-12-15T03:58:43.010Z</time>
              <fix>3d</fix>
              <hdop>1.32</hdop>
          </trkpt>
          <trkpt lat="14.0679218" lon="100.6339117">
              <ele>8.62</ele>
              <time>2020-12-15T03:58:43.060Z</time>
              <fix>3d</fix>
              <hdop>1.32</hdop>
          </trkpt>
          <trkpt lat="14.0679251" lon="100.6339118">
              <ele>8.638</ele>
              <time>2020-12-15T03:58:43.109Z</time>
              <fix>3d</fix>
              <hdop>1.32</hdop>
          </trkpt>
          <trkpt lat="14.0679284" lon="100.6339121">
              <ele>8.704</ele>
              <time>2020-12-15T03:58:43.158Z</time>
              <fix>3d</fix>
              <hdop>1.32</hdop>
          </trkpt>
          <trkpt lat="14.0679317" lon="100.6339123">
              <ele>8.644</ele>
              <time>2020-12-15T03:58:43.207Z</time>
              <fix>3d</fix>
              <hdop>1.32</hdop>
          </trkpt>
          <trkpt lat="14.0679351" lon="100.6339125">
              <ele>8.687</ele>
              <time>2020-12-15T03:58:43.256Z</time>
              <fix>3d</fix>
              <hdop>1.32</hdop>
          </trkpt>
          <trkpt lat="14.0679384" lon="100.6339126">
              <ele>8.661</ele>
              <time>2020-12-15T03:58:43.306Z</time>
              <fix>3d</fix>
              <hdop>1.32</hdop>
          </trkpt>
          <trkpt lat="14.067942" lon="100.6339128">
              <ele>8.716</ele>
              <time>2020-12-15T03:58:43.355Z</time>
              <fix>3d</fix>
              <hdop>1.32</hdop>
          </trkpt>
          <trkpt lat="14.0679453" lon="100.633913">
              <ele>8.686</ele>
              <time>2020-12-15T03:58:43.404Z</time>
              <fix>3d</fix>
              <hdop>1.32</hdop>
          </trkpt>
          <trkpt lat="14.0679487" lon="100.633913">
              <ele>8.636</ele>
              <time>2020-12-15T03:58:43.453Z</time>
              <fix>3d</fix>
              <hdop>1.32</hdop>
          </trkpt>
          <trkpt lat="14.0679519" lon="100.6339132">
              <ele>8.571</ele>
              <time>2020-12-15T03:58:43.502Z</time>
              <fix>3d</fix>
              <hdop>1.32</hdop>
          </trkpt>
          <trkpt lat="14.0679557" lon="100.6339129">
              <ele>8.551</ele>
              <time>2020-12-15T03:58:43.552Z</time>
              <fix>3d</fix>
              <hdop>1.32</hdop>
          </trkpt>
          <trkpt lat="14.0679592" lon="100.6339125">
              <ele>8.545</ele>
              <time>2020-12-15T03:58:43.601Z</time>
              <fix>3d</fix>
              <hdop>1.32</hdop>
          </trkpt>
          <trkpt lat="14.0679627" lon="100.6339125">
              <ele>8.502</ele>
              <time>2020-12-15T03:58:43.650Z</time>
              <fix>3d</fix>
              <hdop>1.32</hdop>
          </trkpt>
          <trkpt lat="14.0679659" lon="100.6339126">
              <ele>8.44</ele>
              <time>2020-12-15T03:58:43.699Z</time>
              <fix>3d</fix>
              <hdop>1.32</hdop>
          </trkpt>
          <trkpt lat="14.0679691" lon="100.6339128">
              <ele>8.384</ele>
              <time>2020-12-15T03:58:43.749Z</time>
              <fix>3d</fix>
              <hdop>1.28</hdop>
          </trkpt>
          <trkpt lat="14.0679725" lon="100.633913">
              <ele>8.328</ele>
              <time>2020-12-15T03:58:43.810Z</time>
              <fix>3d</fix>
              <hdop>1.28</hdop>
          </trkpt>
          <trkpt lat="14.0679758" lon="100.6339131">
              <ele>8.303</ele>
              <time>2020-12-15T03:58:43.871Z</time>
              <fix>3d</fix>
              <hdop>1.28</hdop>
          </trkpt>
          <trkpt lat="14.0679791" lon="100.6339132">
              <ele>8.272</ele>
              <time>2020-12-15T03:58:43.933Z</time>
              <fix>3d</fix>
              <hdop>1.28</hdop>
          </trkpt>
          <trkpt lat="14.0679825" lon="100.6339132">
              <ele>8.259</ele>
              <time>2020-12-15T03:58:43.994Z</time>
              <fix>3d</fix>
              <hdop>1.28</hdop>
          </trkpt>
          <trkpt lat="14.0679858" lon="100.6339132">
              <ele>8.234</ele>
              <time>2020-12-15T03:58:44.056Z</time>
              <fix>3d</fix>
              <hdop>1.28</hdop>
          </trkpt>
          <trkpt lat="14.0679893" lon="100.6339134">
              <ele>8.226</ele>
              <time>2020-12-15T03:58:44.117Z</time>
              <fix>3d</fix>
              <hdop>1.28</hdop>
          </trkpt>
          <trkpt lat="14.0679926" lon="100.6339134">
              <ele>8.134</ele>
              <time>2020-12-15T03:58:44.179Z</time>
              <fix>3d</fix>
              <hdop>1.28</hdop>
          </trkpt>
          <trkpt lat="14.0679962" lon="100.6339134">
              <ele>8.119</ele>
              <time>2020-12-15T03:58:44.240Z</time>
              <fix>3d</fix>
              <hdop>1.28</hdop>
          </trkpt>
          <trkpt lat="14.0679997" lon="100.6339132">
              <ele>8.164</ele>
              <time>2020-12-15T03:58:44.302Z</time>
              <fix>3d</fix>
              <hdop>1.28</hdop>
          </trkpt>
          <trkpt lat="14.0680031" lon="100.6339132">
              <ele>8.222</ele>
              <time>2020-12-15T03:58:44.363Z</time>
              <fix>3d</fix>
              <hdop>1.28</hdop>
          </trkpt>
          <trkpt lat="14.0680066" lon="100.6339133">
              <ele>8.239</ele>
              <time>2020-12-15T03:58:44.425Z</time>
              <fix>3d</fix>
              <hdop>1.28</hdop>
          </trkpt>
          <trkpt lat="14.06801" lon="100.6339135">
              <ele>8.272</ele>
              <time>2020-12-15T03:58:44.486Z</time>
              <fix>3d</fix>
              <hdop>1.28</hdop>
          </trkpt>
          <trkpt lat="14.0680132" lon="100.6339137">
              <ele>8.184</ele>
              <time>2020-12-15T03:58:44.548Z</time>
              <fix>3d</fix>
              <hdop>1.28</hdop>
          </trkpt>
          <trkpt lat="14.0680165" lon="100.6339139">
              <ele>8.168</ele>
              <time>2020-12-15T03:58:44.609Z</time>
              <fix>3d</fix>
              <hdop>1.28</hdop>
          </trkpt>
          <trkpt lat="14.06802" lon="100.6339141">
              <ele>8.095</ele>
              <time>2020-12-15T03:58:44.671Z</time>
              <fix>3d</fix>
              <hdop>1.28</hdop>
          </trkpt>
          <trkpt lat="14.0680236" lon="100.6339143">
              <ele>8.078</ele>
              <time>2020-12-15T03:58:44.732Z</time>
              <fix>3d</fix>
              <hdop>1.28</hdop>
          </trkpt>
          <trkpt lat="14.0680271" lon="100.6339145">
              <ele>7.976</ele>
              <time>2020-12-15T03:58:44.794Z</time>
              <fix>3d</fix>
              <hdop>1.45</hdop>
          </trkpt>
          <trkpt lat="14.0680305" lon="100.6339145">
              <ele>7.84</ele>
              <time>2020-12-15T03:58:44.846Z</time>
              <fix>3d</fix>
              <hdop>1.45</hdop>
          </trkpt>
          <trkpt lat="14.0680339" lon="100.6339148">
              <ele>7.82</ele>
              <time>2020-12-15T03:58:44.898Z</time>
              <fix>3d</fix>
              <hdop>1.45</hdop>
          </trkpt>
          <trkpt lat="14.0680374" lon="100.633915">
              <ele>7.824</ele>
              <time>2020-12-15T03:58:44.950Z</time>
              <fix>3d</fix>
              <hdop>1.45</hdop>
          </trkpt>
          <trkpt lat="14.0680412" lon="100.633915">
              <ele>7.774</ele>
              <time>2020-12-15T03:58:45.002Z</time>
              <fix>3d</fix>
              <hdop>1.45</hdop>
          </trkpt>
          <trkpt lat="14.0680448" lon="100.6339152">
              <ele>7.78</ele>
              <time>2020-12-15T03:58:45.054Z</time>
              <fix>3d</fix>
              <hdop>1.45</hdop>
          </trkpt>
          <trkpt lat="14.0680484" lon="100.6339154">
              <ele>7.654</ele>
              <time>2020-12-15T03:58:45.106Z</time>
              <fix>3d</fix>
              <hdop>1.45</hdop>
          </trkpt>
          <trkpt lat="14.0680521" lon="100.6339153">
              <ele>7.665</ele>
              <time>2020-12-15T03:58:45.158Z</time>
              <fix>3d</fix>
              <hdop>1.45</hdop>
          </trkpt>
          <trkpt lat="14.0680558" lon="100.633915">
              <ele>7.636</ele>
              <time>2020-12-15T03:58:45.210Z</time>
              <fix>3d</fix>
              <hdop>1.45</hdop>
          </trkpt>
          <trkpt lat="14.0680589" lon="100.6339154">
              <ele>7.644</ele>
              <time>2020-12-15T03:58:45.262Z</time>
              <fix>3d</fix>
              <hdop>1.45</hdop>
          </trkpt>
          <trkpt lat="14.0680619" lon="100.6339172">
              <ele>7.45</ele>
              <time>2020-12-15T03:58:45.315Z</time>
              <fix>3d</fix>
              <hdop>1.45</hdop>
          </trkpt>
          <trkpt lat="14.0680657" lon="100.633917">
              <ele>7.488</ele>
              <time>2020-12-15T03:58:45.367Z</time>
              <fix>3d</fix>
              <hdop>1.45</hdop>
          </trkpt>
          <trkpt lat="14.0680693" lon="100.6339171">
              <ele>7.421</ele>
              <time>2020-12-15T03:58:45.419Z</time>
              <fix>3d</fix>
              <hdop>1.45</hdop>
          </trkpt>
          <trkpt lat="14.068073" lon="100.6339172">
              <ele>7.441</ele>
              <time>2020-12-15T03:58:45.471Z</time>
              <fix>3d</fix>
              <hdop>1.45</hdop>
          </trkpt>
          <trkpt lat="14.0680767" lon="100.6339171">
              <ele>7.594</ele>
              <time>2020-12-15T03:58:45.523Z</time>
              <fix>3d</fix>
              <hdop>1.45</hdop>
          </trkpt>
          <trkpt lat="14.0680805" lon="100.6339165">
              <ele>7.657</ele>
              <time>2020-12-15T03:58:45.575Z</time>
              <fix>3d</fix>
              <hdop>1.45</hdop>
          </trkpt>
          <trkpt lat="14.0680841" lon="100.6339164">
              <ele>7.679</ele>
              <time>2020-12-15T03:58:45.627Z</time>
              <fix>3d</fix>
              <hdop>1.45</hdop>
          </trkpt>
          <trkpt lat="14.0680877" lon="100.6339163">
              <ele>7.679</ele>
              <time>2020-12-15T03:58:45.679Z</time>
              <fix>3d</fix>
              <hdop>1.45</hdop>
          </trkpt>
          <trkpt lat="14.0680913" lon="100.6339163">
              <ele>7.711</ele>
              <time>2020-12-15T03:58:45.731Z</time>
              <fix>3d</fix>
              <hdop>1.45</hdop>
          </trkpt>
          <trkpt lat="14.0680948" lon="100.6339166">
              <ele>7.621</ele>
              <time>2020-12-15T03:58:45.784Z</time>
              <fix>3d</fix>
              <hdop>1.45</hdop>
          </trkpt>
          <trkpt lat="14.0680984" lon="100.6339162">
              <ele>7.637</ele>
              <time>2020-12-15T03:58:45.839Z</time>
              <fix>3d</fix>
              <hdop>1.45</hdop>
          </trkpt>
          <trkpt lat="14.068102" lon="100.6339158">
              <ele>7.767</ele>
              <time>2020-12-15T03:58:45.894Z</time>
              <fix>3d</fix>
              <hdop>1.45</hdop>
          </trkpt>
          <trkpt lat="14.0681056" lon="100.6339158">
              <ele>7.896</ele>
              <time>2020-12-15T03:58:45.949Z</time>
              <fix>3d</fix>
              <hdop>1.45</hdop>
          </trkpt>
          <trkpt lat="14.0681093" lon="100.6339156">
              <ele>7.991</ele>
              <time>2020-12-15T03:58:46.004Z</time>
              <fix>3d</fix>
              <hdop>1.45</hdop>
          </trkpt>
          <trkpt lat="14.0681128" lon="100.6339155">
              <ele>8.079</ele>
              <time>2020-12-15T03:58:46.059Z</time>
              <fix>3d</fix>
              <hdop>1.45</hdop>
          </trkpt>
          <trkpt lat="14.0681165" lon="100.6339154">
              <ele>8.156</ele>
              <time>2020-12-15T03:58:46.114Z</time>
              <fix>3d</fix>
              <hdop>1.45</hdop>
          </trkpt>
          <trkpt lat="14.0681201" lon="100.6339156">
              <ele>8.143</ele>
              <time>2020-12-15T03:58:46.169Z</time>
              <fix>3d</fix>
              <hdop>1.45</hdop>
          </trkpt>
          <trkpt lat="14.0681238" lon="100.6339155">
              <ele>8.17</ele>
              <time>2020-12-15T03:58:46.224Z</time>
              <fix>3d</fix>
              <hdop>1.45</hdop>
          </trkpt>
          <trkpt lat="14.0681274" lon="100.6339157">
              <ele>8.226</ele>
              <time>2020-12-15T03:58:46.279Z</time>
              <fix>3d</fix>
              <hdop>1.45</hdop>
          </trkpt>
          <trkpt lat="14.0681309" lon="100.6339157">
              <ele>8.224</ele>
              <time>2020-12-15T03:58:46.334Z</time>
              <fix>3d</fix>
              <hdop>1.45</hdop>
          </trkpt>
          <trkpt lat="14.0681347" lon="100.6339159">
              <ele>8.27</ele>
              <time>2020-12-15T03:58:46.389Z</time>
              <fix>3d</fix>
              <hdop>1.45</hdop>
          </trkpt>
          <trkpt lat="14.0681378" lon="100.6339168">
              <ele>8.236</ele>
              <time>2020-12-15T03:58:46.444Z</time>
              <fix>3d</fix>
              <hdop>1.45</hdop>
          </trkpt>
          <trkpt lat="14.0681412" lon="100.6339172">
              <ele>8.412</ele>
              <time>2020-12-15T03:58:46.499Z</time>
              <fix>3d</fix>
              <hdop>1.45</hdop>
          </trkpt>
          <trkpt lat="14.0681445" lon="100.6339177">
              <ele>8.467</ele>
              <time>2020-12-15T03:58:46.554Z</time>
              <fix>3d</fix>
              <hdop>1.45</hdop>
          </trkpt>
          <trkpt lat="14.0681478" lon="100.6339182">
              <ele>8.53</ele>
              <time>2020-12-15T03:58:46.609Z</time>
              <fix>3d</fix>
              <hdop>1.45</hdop>
          </trkpt>
          <trkpt lat="14.0681515" lon="100.6339187">
              <ele>8.572</ele>
              <time>2020-12-15T03:58:46.664Z</time>
              <fix>3d</fix>
              <hdop>1.45</hdop>
          </trkpt>
          <trkpt lat="14.0681549" lon="100.6339192">
              <ele>8.623</ele>
              <time>2020-12-15T03:58:46.719Z</time>
              <fix>3d</fix>
              <hdop>1.45</hdop>
          </trkpt>
          <trkpt lat="14.0681584" lon="100.6339196">
              <ele>8.674</ele>
              <time>2020-12-15T03:58:46.774Z</time>
              <fix>3d</fix>
              <hdop>1.45</hdop>
          </trkpt>
          <trkpt lat="14.0681618" lon="100.6339202">
              <ele>8.87</ele>
              <time>2020-12-15T03:58:46.832Z</time>
              <fix>3d</fix>
              <hdop>1.45</hdop>
          </trkpt>
          <trkpt lat="14.0681653" lon="100.6339202">
              <ele>8.866</ele>
              <time>2020-12-15T03:58:46.890Z</time>
              <fix>3d</fix>
              <hdop>1.45</hdop>
          </trkpt>
          <trkpt lat="14.0681687" lon="100.6339203">
              <ele>8.894</ele>
              <time>2020-12-15T03:58:46.948Z</time>
              <fix>3d</fix>
              <hdop>1.45</hdop>
          </trkpt>
          <trkpt lat="14.0681723" lon="100.6339206">
              <ele>8.897</ele>
              <time>2020-12-15T03:58:47.006Z</time>
              <fix>3d</fix>
              <hdop>1.45</hdop>
          </trkpt>
          <trkpt lat="14.068176" lon="100.6339208">
              <ele>8.925</ele>
              <time>2020-12-15T03:58:47.064Z</time>
              <fix>3d</fix>
              <hdop>1.45</hdop>
          </trkpt>
          <trkpt lat="14.0681796" lon="100.6339208">
              <ele>8.947</ele>
              <time>2020-12-15T03:58:47.122Z</time>
              <fix>3d</fix>
              <hdop>1.45</hdop>
          </trkpt>
          <trkpt lat="14.0681833" lon="100.6339209">
              <ele>9.018</ele>
              <time>2020-12-15T03:58:47.180Z</time>
              <fix>3d</fix>
              <hdop>1.45</hdop>
          </trkpt>
          <trkpt lat="14.068187" lon="100.6339207">
              <ele>9.016</ele>
              <time>2020-12-15T03:58:47.238Z</time>
              <fix>3d</fix>
              <hdop>1.45</hdop>
          </trkpt>
          <trkpt lat="14.0681908" lon="100.6339205">
              <ele>9.097</ele>
              <time>2020-12-15T03:58:47.296Z</time>
              <fix>3d</fix>
              <hdop>1.45</hdop>
          </trkpt>
          <trkpt lat="14.0681946" lon="100.6339202">
              <ele>9.104</ele>
              <time>2020-12-15T03:58:47.354Z</time>
              <fix>3d</fix>
              <hdop>1.45</hdop>
          </trkpt>
          <trkpt lat="14.0681983" lon="100.63392">
              <ele>9.089</ele>
              <time>2020-12-15T03:58:47.412Z</time>
              <fix>3d</fix>
              <hdop>1.45</hdop>
          </trkpt>
          <trkpt lat="14.068202" lon="100.6339201">
              <ele>9.09</ele>
              <time>2020-12-15T03:58:47.470Z</time>
              <fix>3d</fix>
              <hdop>1.45</hdop>
          </trkpt>
          <trkpt lat="14.0682055" lon="100.6339204">
              <ele>9.138</ele>
              <time>2020-12-15T03:58:47.528Z</time>
              <fix>3d</fix>
              <hdop>1.45</hdop>
          </trkpt>
          <trkpt lat="14.0682091" lon="100.6339206">
              <ele>9.195</ele>
              <time>2020-12-15T03:58:47.586Z</time>
              <fix>3d</fix>
              <hdop>1.45</hdop>
          </trkpt>
          <trkpt lat="14.0682129" lon="100.6339208">
              <ele>9.233</ele>
              <time>2020-12-15T03:58:47.644Z</time>
              <fix>3d</fix>
              <hdop>1.45</hdop>
          </trkpt>
          <trkpt lat="14.0682166" lon="100.6339208">
              <ele>9.201</ele>
              <time>2020-12-15T03:58:47.702Z</time>
              <fix>3d</fix>
              <hdop>1.45</hdop>
          </trkpt>
          <trkpt lat="14.0682202" lon="100.6339207">
              <ele>9.173</ele>
              <time>2020-12-15T03:58:47.760Z</time>
              <fix>3d</fix>
              <hdop>1.45</hdop>
          </trkpt>
          <trkpt lat="14.0682237" lon="100.6339208">
              <ele>9.202</ele>
              <time>2020-12-15T03:58:47.819Z</time>
              <fix>3d</fix>
              <hdop>1.45</hdop>
          </trkpt>
          <trkpt lat="14.0682274" lon="100.6339211">
              <ele>9.195</ele>
              <time>2020-12-15T03:58:47.870Z</time>
              <fix>3d</fix>
              <hdop>1.45</hdop>
          </trkpt>
          <trkpt lat="14.068231" lon="100.6339215">
              <ele>9.255</ele>
              <time>2020-12-15T03:58:47.922Z</time>
              <fix>3d</fix>
              <hdop>1.45</hdop>
          </trkpt>
          <trkpt lat="14.0682347" lon="100.6339216">
              <ele>9.295</ele>
              <time>2020-12-15T03:58:47.974Z</time>
              <fix>3d</fix>
              <hdop>1.45</hdop>
          </trkpt>
          <trkpt lat="14.0682384" lon="100.6339215">
              <ele>9.273</ele>
              <time>2020-12-15T03:58:48.026Z</time>
              <fix>3d</fix>
              <hdop>1.45</hdop>
          </trkpt>
          <trkpt lat="14.0682421" lon="100.6339215">
              <ele>9.223</ele>
              <time>2020-12-15T03:58:48.078Z</time>
              <fix>3d</fix>
              <hdop>1.45</hdop>
          </trkpt>
          <trkpt lat="14.068246" lon="100.6339214">
              <ele>9.23</ele>
              <time>2020-12-15T03:58:48.130Z</time>
              <fix>3d</fix>
              <hdop>1.45</hdop>
          </trkpt>
          <trkpt lat="14.0682497" lon="100.6339215">
              <ele>9.25</ele>
              <time>2020-12-15T03:58:48.182Z</time>
              <fix>3d</fix>
              <hdop>1.45</hdop>
          </trkpt>
          <trkpt lat="14.0682536" lon="100.6339214">
              <ele>9.255</ele>
              <time>2020-12-15T03:58:48.234Z</time>
              <fix>3d</fix>
              <hdop>1.45</hdop>
          </trkpt>
          <trkpt lat="14.0682573" lon="100.6339215">
              <ele>9.255</ele>
              <time>2020-12-15T03:58:48.286Z</time>
              <fix>3d</fix>
              <hdop>1.45</hdop>
          </trkpt>
          <trkpt lat="14.0682611" lon="100.6339215">
              <ele>9.279</ele>
              <time>2020-12-15T03:58:48.338Z</time>
              <fix>3d</fix>
              <hdop>1.45</hdop>
          </trkpt>
          <trkpt lat="14.0682649" lon="100.6339213">
              <ele>9.301</ele>
              <time>2020-12-15T03:58:48.390Z</time>
              <fix>3d</fix>
              <hdop>1.45</hdop>
          </trkpt>
          <trkpt lat="14.0682688" lon="100.6339212">
              <ele>9.34</ele>
              <time>2020-12-15T03:58:48.442Z</time>
              <fix>3d</fix>
              <hdop>1.45</hdop>
          </trkpt>
          <trkpt lat="14.0682724" lon="100.633921">
              <ele>9.338</ele>
              <time>2020-12-15T03:58:48.494Z</time>
              <fix>3d</fix>
              <hdop>1.45</hdop>
          </trkpt>
          <trkpt lat="14.068276" lon="100.6339207">
              <ele>9.3</ele>
              <time>2020-12-15T03:58:48.546Z</time>
              <fix>3d</fix>
              <hdop>1.45</hdop>
          </trkpt>
          <trkpt lat="14.0682798" lon="100.6339209">
              <ele>9.34</ele>
              <time>2020-12-15T03:58:48.598Z</time>
              <fix>3d</fix>
              <hdop>1.45</hdop>
          </trkpt>
          <trkpt lat="14.0682837" lon="100.6339207">
              <ele>9.383</ele>
              <time>2020-12-15T03:58:48.650Z</time>
              <fix>3d</fix>
              <hdop>1.45</hdop>
          </trkpt>
          <trkpt lat="14.0682873" lon="100.6339206">
              <ele>9.376</ele>
              <time>2020-12-15T03:58:48.702Z</time>
              <fix>3d</fix>
              <hdop>1.45</hdop>
          </trkpt>
          <trkpt lat="14.0682911" lon="100.6339206">
              <ele>9.359</ele>
              <time>2020-12-15T03:58:48.754Z</time>
              <fix>3d</fix>
              <hdop>1.48</hdop>
          </trkpt>
          <trkpt lat="14.0682949" lon="100.6339209">
              <ele>9.462</ele>
              <time>2020-12-15T03:58:48.812Z</time>
              <fix>3d</fix>
              <hdop>1.48</hdop>
          </trkpt>
          <trkpt lat="14.0682987" lon="100.6339211">
              <ele>9.541</ele>
              <time>2020-12-15T03:58:48.870Z</time>
              <fix>3d</fix>
              <hdop>1.48</hdop>
          </trkpt>
          <trkpt lat="14.0683025" lon="100.6339211">
              <ele>9.562</ele>
              <time>2020-12-15T03:58:48.928Z</time>
              <fix>3d</fix>
              <hdop>1.48</hdop>
          </trkpt>
          <trkpt lat="14.0683063" lon="100.6339212">
              <ele>9.528</ele>
              <time>2020-12-15T03:58:48.986Z</time>
              <fix>3d</fix>
              <hdop>1.48</hdop>
          </trkpt>
          <trkpt lat="14.0683099" lon="100.6339212">
              <ele>9.524</ele>
              <time>2020-12-15T03:58:49.044Z</time>
              <fix>3d</fix>
              <hdop>1.48</hdop>
          </trkpt>
          <trkpt lat="14.0683136" lon="100.6339215">
              <ele>9.678</ele>
              <time>2020-12-15T03:58:49.102Z</time>
              <fix>3d</fix>
              <hdop>1.48</hdop>
          </trkpt>
          <trkpt lat="14.0683173" lon="100.6339213">
              <ele>9.702</ele>
              <time>2020-12-15T03:58:49.160Z</time>
              <fix>3d</fix>
              <hdop>1.48</hdop>
          </trkpt>
          <trkpt lat="14.068321" lon="100.6339213">
              <ele>9.725</ele>
              <time>2020-12-15T03:58:49.218Z</time>
              <fix>3d</fix>
              <hdop>1.48</hdop>
          </trkpt>
          <trkpt lat="14.0683249" lon="100.6339212">
              <ele>9.8</ele>
              <time>2020-12-15T03:58:49.276Z</time>
              <fix>3d</fix>
              <hdop>1.48</hdop>
          </trkpt>
          <trkpt lat="14.0683286" lon="100.6339211">
              <ele>9.878</ele>
              <time>2020-12-15T03:58:49.334Z</time>
              <fix>3d</fix>
              <hdop>1.48</hdop>
          </trkpt>
          <trkpt lat="14.0683323" lon="100.6339212">
              <ele>9.925</ele>
              <time>2020-12-15T03:58:49.392Z</time>
              <fix>3d</fix>
              <hdop>1.48</hdop>
          </trkpt>
          <trkpt lat="14.068336" lon="100.6339213">
              <ele>9.992</ele>
              <time>2020-12-15T03:58:49.450Z</time>
              <fix>3d</fix>
              <hdop>1.48</hdop>
          </trkpt>
          <trkpt lat="14.0683399" lon="100.6339213">
              <ele>9.997</ele>
              <time>2020-12-15T03:58:49.508Z</time>
              <fix>3d</fix>
              <hdop>1.48</hdop>
          </trkpt>
          <trkpt lat="14.0683436" lon="100.6339213">
              <ele>10.023</ele>
              <time>2020-12-15T03:58:49.566Z</time>
              <fix>3d</fix>
              <hdop>1.48</hdop>
          </trkpt>
          <trkpt lat="14.0683474" lon="100.6339212">
              <ele>9.974</ele>
              <time>2020-12-15T03:58:49.624Z</time>
              <fix>3d</fix>
              <hdop>1.48</hdop>
          </trkpt>
          <trkpt lat="14.0683513" lon="100.633921">
              <ele>10.004</ele>
              <time>2020-12-15T03:58:49.682Z</time>
              <fix>3d</fix>
              <hdop>1.48</hdop>
          </trkpt>
          <trkpt lat="14.0683551" lon="100.633921">
              <ele>10.043</ele>
              <time>2020-12-15T03:58:49.740Z</time>
              <fix>3d</fix>
              <hdop>1.48</hdop>
          </trkpt>
          <trkpt lat="14.0683587" lon="100.6339207">
              <ele>10.018</ele>
              <time>2020-12-15T03:58:49.799Z</time>
              <fix>3d</fix>
              <hdop>1.56</hdop>
          </trkpt>
          <trkpt lat="14.0683624" lon="100.6339208">
              <ele>10.106</ele>
              <time>2020-12-15T03:58:49.851Z</time>
              <fix>3d</fix>
              <hdop>1.56</hdop>
          </trkpt>
          <trkpt lat="14.0683662" lon="100.6339207">
              <ele>10.136</ele>
              <time>2020-12-15T03:58:49.903Z</time>
              <fix>3d</fix>
              <hdop>1.56</hdop>
          </trkpt>
          <trkpt lat="14.0683699" lon="100.6339206">
              <ele>10.11</ele>
              <time>2020-12-15T03:58:49.955Z</time>
              <fix>3d</fix>
              <hdop>1.56</hdop>
          </trkpt>
          <trkpt lat="14.0683739" lon="100.6339206">
              <ele>10.131</ele>
              <time>2020-12-15T03:58:50.007Z</time>
              <fix>3d</fix>
              <hdop>1.56</hdop>
          </trkpt>
          <trkpt lat="14.0683776" lon="100.6339204">
              <ele>10.104</ele>
              <time>2020-12-15T03:58:50.059Z</time>
              <fix>3d</fix>
              <hdop>1.56</hdop>
          </trkpt>
          <trkpt lat="14.0683814" lon="100.6339203">
              <ele>10.06</ele>
              <time>2020-12-15T03:58:50.111Z</time>
              <fix>3d</fix>
              <hdop>1.56</hdop>
          </trkpt>
          <trkpt lat="14.0683852" lon="100.6339203">
              <ele>10.121</ele>
              <time>2020-12-15T03:58:50.163Z</time>
              <fix>3d</fix>
              <hdop>1.56</hdop>
          </trkpt>
          <trkpt lat="14.068389" lon="100.6339201">
              <ele>10.205</ele>
              <time>2020-12-15T03:58:50.215Z</time>
              <fix>3d</fix>
              <hdop>1.56</hdop>
          </trkpt>
          <trkpt lat="14.0683929" lon="100.6339199">
              <ele>10.138</ele>
              <time>2020-12-15T03:58:50.267Z</time>
              <fix>3d</fix>
              <hdop>1.56</hdop>
          </trkpt>
          <trkpt lat="14.0683968" lon="100.6339198">
              <ele>10.186</ele>
              <time>2020-12-15T03:58:50.320Z</time>
              <fix>3d</fix>
              <hdop>1.56</hdop>
          </trkpt>
          <trkpt lat="14.0684005" lon="100.6339199">
              <ele>10.214</ele>
              <time>2020-12-15T03:58:50.372Z</time>
              <fix>3d</fix>
              <hdop>1.56</hdop>
          </trkpt>
          <trkpt lat="14.0684043" lon="100.6339201">
              <ele>10.322</ele>
              <time>2020-12-15T03:58:50.424Z</time>
              <fix>3d</fix>
              <hdop>1.56</hdop>
          </trkpt>
          <trkpt lat="14.0684079" lon="100.6339204">
              <ele>10.367</ele>
              <time>2020-12-15T03:58:50.476Z</time>
              <fix>3d</fix>
              <hdop>1.56</hdop>
          </trkpt>
          <trkpt lat="14.0684119" lon="100.6339197">
              <ele>10.343</ele>
              <time>2020-12-15T03:58:50.528Z</time>
              <fix>3d</fix>
              <hdop>1.56</hdop>
          </trkpt>
          <trkpt lat="14.0684159" lon="100.6339193">
              <ele>10.325</ele>
              <time>2020-12-15T03:58:50.580Z</time>
              <fix>3d</fix>
              <hdop>1.56</hdop>
          </trkpt>
          <trkpt lat="14.0684201" lon="100.6339186">
              <ele>10.282</ele>
              <time>2020-12-15T03:58:50.632Z</time>
              <fix>3d</fix>
              <hdop>1.56</hdop>
          </trkpt>
          <trkpt lat="14.068424" lon="100.6339184">
              <ele>10.236</ele>
              <time>2020-12-15T03:58:50.684Z</time>
              <fix>3d</fix>
              <hdop>1.56</hdop>
          </trkpt>
          <trkpt lat="14.0684278" lon="100.6339184">
              <ele>10.2</ele>
              <time>2020-12-15T03:58:50.736Z</time>
              <fix>3d</fix>
              <hdop>1.56</hdop>
          </trkpt>
          <trkpt lat="14.0684318" lon="100.6339182">
              <ele>10.165</ele>
              <time>2020-12-15T03:58:50.789Z</time>
              <fix>3d</fix>
              <hdop>1.44</hdop>
          </trkpt>
          <trkpt lat="14.0684357" lon="100.633918">
              <ele>10.154</ele>
              <time>2020-12-15T03:58:50.844Z</time>
              <fix>3d</fix>
              <hdop>1.44</hdop>
          </trkpt>
          <trkpt lat="14.0684397" lon="100.633918">
              <ele>10.171</ele>
              <time>2020-12-15T03:58:50.899Z</time>
              <fix>3d</fix>
              <hdop>1.44</hdop>
          </trkpt>
          <trkpt lat="14.0684435" lon="100.6339177">
              <ele>10.205</ele>
              <time>2020-12-15T03:58:50.954Z</time>
              <fix>3d</fix>
              <hdop>1.44</hdop>
          </trkpt>
          <trkpt lat="14.0684474" lon="100.6339174">
              <ele>10.246</ele>
              <time>2020-12-15T03:58:51.009Z</time>
              <fix>3d</fix>
              <hdop>1.44</hdop>
          </trkpt>
          <trkpt lat="14.0684512" lon="100.6339172">
              <ele>10.266</ele>
              <time>2020-12-15T03:58:51.064Z</time>
              <fix>3d</fix>
              <hdop>1.44</hdop>
          </trkpt>
          <trkpt lat="14.0684551" lon="100.6339169">
              <ele>10.251</ele>
              <time>2020-12-15T03:58:51.119Z</time>
              <fix>3d</fix>
              <hdop>1.44</hdop>
          </trkpt>
          <trkpt lat="14.0684591" lon="100.6339169">
              <ele>10.227</ele>
              <time>2020-12-15T03:58:51.174Z</time>
              <fix>3d</fix>
              <hdop>1.44</hdop>
          </trkpt>
          <trkpt lat="14.068463" lon="100.6339169">
              <ele>10.316</ele>
              <time>2020-12-15T03:58:51.229Z</time>
              <fix>3d</fix>
              <hdop>1.44</hdop>
          </trkpt>
          <trkpt lat="14.0684668" lon="100.6339168">
              <ele>10.43</ele>
              <time>2020-12-15T03:58:51.284Z</time>
              <fix>3d</fix>
              <hdop>1.44</hdop>
          </trkpt>
          <trkpt lat="14.0684707" lon="100.6339166">
              <ele>10.444</ele>
              <time>2020-12-15T03:58:51.339Z</time>
              <fix>3d</fix>
              <hdop>1.44</hdop>
          </trkpt>
          <trkpt lat="14.0684748" lon="100.6339162">
              <ele>10.542</ele>
              <time>2020-12-15T03:58:51.394Z</time>
              <fix>3d</fix>
              <hdop>1.44</hdop>
          </trkpt>
          <trkpt lat="14.0684787" lon="100.6339157">
              <ele>10.596</ele>
              <time>2020-12-15T03:58:51.449Z</time>
              <fix>3d</fix>
              <hdop>1.44</hdop>
          </trkpt>
          <trkpt lat="14.0684826" lon="100.6339154">
              <ele>10.657</ele>
              <time>2020-12-15T03:58:51.504Z</time>
              <fix>3d</fix>
              <hdop>1.44</hdop>
          </trkpt>
          <trkpt lat="14.0684865" lon="100.6339151">
              <ele>10.725</ele>
              <time>2020-12-15T03:58:51.559Z</time>
              <fix>3d</fix>
              <hdop>1.44</hdop>
          </trkpt>
          <trkpt lat="14.0684903" lon="100.6339148">
              <ele>10.765</ele>
              <time>2020-12-15T03:58:51.614Z</time>
              <fix>3d</fix>
              <hdop>1.44</hdop>
          </trkpt>
          <trkpt lat="14.0684944" lon="100.6339145">
              <ele>10.835</ele>
              <time>2020-12-15T03:58:51.669Z</time>
              <fix>3d</fix>
              <hdop>1.44</hdop>
          </trkpt>
          <trkpt lat="14.0684985" lon="100.6339142">
              <ele>10.965</ele>
              <time>2020-12-15T03:58:51.724Z</time>
              <fix>3d</fix>
              <hdop>1.44</hdop>
          </trkpt>
          <trkpt lat="14.0685024" lon="100.6339139">
              <ele>10.997</ele>
              <time>2020-12-15T03:58:51.779Z</time>
              <fix>3d</fix>
              <hdop>1.49</hdop>
          </trkpt>
          <trkpt lat="14.0685064" lon="100.6339138">
              <ele>10.999</ele>
              <time>2020-12-15T03:58:51.837Z</time>
              <fix>3d</fix>
              <hdop>1.49</hdop>
          </trkpt>
          <trkpt lat="14.0685103" lon="100.6339137">
              <ele>11.048</ele>
              <time>2020-12-15T03:58:51.895Z</time>
              <fix>3d</fix>
              <hdop>1.49</hdop>
          </trkpt>
          <trkpt lat="14.0685143" lon="100.6339134">
              <ele>11.093</ele>
              <time>2020-12-15T03:58:51.953Z</time>
              <fix>3d</fix>
              <hdop>1.49</hdop>
          </trkpt>
          <trkpt lat="14.0685182" lon="100.6339132">
              <ele>11.157</ele>
              <time>2020-12-15T03:58:52.011Z</time>
              <fix>3d</fix>
              <hdop>1.49</hdop>
          </trkpt>
          <trkpt lat="14.0685222" lon="100.6339129">
              <ele>11.225</ele>
              <time>2020-12-15T03:58:52.069Z</time>
              <fix>3d</fix>
              <hdop>1.49</hdop>
          </trkpt>
          <trkpt lat="14.0685262" lon="100.6339126">
              <ele>11.343</ele>
              <time>2020-12-15T03:58:52.127Z</time>
              <fix>3d</fix>
              <hdop>1.49</hdop>
          </trkpt>
          <trkpt lat="14.0685301" lon="100.6339124">
              <ele>11.397</ele>
              <time>2020-12-15T03:58:52.185Z</time>
              <fix>3d</fix>
              <hdop>1.49</hdop>
          </trkpt>
          <trkpt lat="14.068534" lon="100.6339125">
              <ele>11.464</ele>
              <time>2020-12-15T03:58:52.243Z</time>
              <fix>3d</fix>
              <hdop>1.49</hdop>
          </trkpt>
          <trkpt lat="14.0685379" lon="100.6339124">
              <ele>11.49</ele>
              <time>2020-12-15T03:58:52.301Z</time>
              <fix>3d</fix>
              <hdop>1.49</hdop>
          </trkpt>
          <trkpt lat="14.0685418" lon="100.6339123">
              <ele>11.505</ele>
              <time>2020-12-15T03:58:52.359Z</time>
              <fix>3d</fix>
              <hdop>1.49</hdop>
          </trkpt>
          <trkpt lat="14.0685457" lon="100.6339121">
              <ele>11.553</ele>
              <time>2020-12-15T03:58:52.417Z</time>
              <fix>3d</fix>
              <hdop>1.49</hdop>
          </trkpt>
          <trkpt lat="14.0685498" lon="100.6339119">
              <ele>11.64</ele>
              <time>2020-12-15T03:58:52.475Z</time>
              <fix>3d</fix>
              <hdop>1.49</hdop>
          </trkpt>
          <trkpt lat="14.0685537" lon="100.633912">
              <ele>11.755</ele>
              <time>2020-12-15T03:58:52.533Z</time>
              <fix>3d</fix>
              <hdop>1.49</hdop>
          </trkpt>
          <trkpt lat="14.0685575" lon="100.633912">
              <ele>11.855</ele>
              <time>2020-12-15T03:58:52.591Z</time>
              <fix>3d</fix>
              <hdop>1.49</hdop>
          </trkpt>
          <trkpt lat="14.0685612" lon="100.6339123">
              <ele>12.054</ele>
              <time>2020-12-15T03:58:52.649Z</time>
              <fix>3d</fix>
              <hdop>1.49</hdop>
          </trkpt>
          <trkpt lat="14.0685651" lon="100.6339122">
              <ele>12.17</ele>
              <time>2020-12-15T03:58:52.707Z</time>
              <fix>3d</fix>
              <hdop>1.49</hdop>
          </trkpt>
          <trkpt lat="14.0685689" lon="100.6339121">
              <ele>12.264</ele>
              <time>2020-12-15T03:58:52.765Z</time>
              <fix>3d</fix>
              <hdop>1.49</hdop>
          </trkpt>
          <trkpt lat="14.0685728" lon="100.6339121">
              <ele>12.258</ele>
              <time>2020-12-15T03:58:52.824Z</time>
              <fix>3d</fix>
              <hdop>1.54</hdop>
          </trkpt>
          <trkpt lat="14.0685769" lon="100.633912">
              <ele>12.201</ele>
              <time>2020-12-15T03:58:52.876Z</time>
              <fix>3d</fix>
              <hdop>1.54</hdop>
          </trkpt>
          <trkpt lat="14.068581" lon="100.6339116">
              <ele>12.327</ele>
              <time>2020-12-15T03:58:52.928Z</time>
              <fix>3d</fix>
              <hdop>1.54</hdop>
          </trkpt>
          <trkpt lat="14.068585" lon="100.6339112">
              <ele>12.407</ele>
              <time>2020-12-15T03:58:52.980Z</time>
              <fix>3d</fix>
              <hdop>1.54</hdop>
          </trkpt>
          <trkpt lat="14.0685889" lon="100.6339111">
              <ele>12.256</ele>
              <time>2020-12-15T03:58:53.032Z</time>
              <fix>3d</fix>
              <hdop>1.54</hdop>
          </trkpt>
          <trkpt lat="14.068593" lon="100.633911">
              <ele>12.272</ele>
              <time>2020-12-15T03:58:53.084Z</time>
              <fix>3d</fix>
              <hdop>1.54</hdop>
          </trkpt>
          <trkpt lat="14.068597" lon="100.6339108">
              <ele>12.321</ele>
              <time>2020-12-15T03:58:53.136Z</time>
              <fix>3d</fix>
              <hdop>1.54</hdop>
          </trkpt>
          <trkpt lat="14.068601" lon="100.6339106">
              <ele>12.33</ele>
              <time>2020-12-15T03:58:53.188Z</time>
              <fix>3d</fix>
              <hdop>1.54</hdop>
          </trkpt>
          <trkpt lat="14.0686049" lon="100.6339107">
              <ele>12.337</ele>
              <time>2020-12-15T03:58:53.240Z</time>
              <fix>3d</fix>
              <hdop>1.54</hdop>
          </trkpt>
          <trkpt lat="14.0686088" lon="100.6339106">
              <ele>12.437</ele>
              <time>2020-12-15T03:58:53.292Z</time>
              <fix>3d</fix>
              <hdop>1.54</hdop>
          </trkpt>
          <trkpt lat="14.0686128" lon="100.6339104">
              <ele>12.433</ele>
              <time>2020-12-15T03:58:53.345Z</time>
              <fix>3d</fix>
              <hdop>1.54</hdop>
          </trkpt>
          <trkpt lat="14.0686168" lon="100.6339101">
              <ele>12.425</ele>
              <time>2020-12-15T03:58:53.397Z</time>
              <fix>3d</fix>
              <hdop>1.54</hdop>
          </trkpt>
          <trkpt lat="14.0686207" lon="100.6339099">
              <ele>12.396</ele>
              <time>2020-12-15T03:58:53.449Z</time>
              <fix>3d</fix>
              <hdop>1.54</hdop>
          </trkpt>
          <trkpt lat="14.0686247" lon="100.6339096">
              <ele>12.402</ele>
              <time>2020-12-15T03:58:53.501Z</time>
              <fix>3d</fix>
              <hdop>1.54</hdop>
          </trkpt>
          <trkpt lat="14.0686286" lon="100.6339096">
              <ele>12.443</ele>
              <time>2020-12-15T03:58:53.553Z</time>
              <fix>3d</fix>
              <hdop>1.54</hdop>
          </trkpt>
          <trkpt lat="14.0686325" lon="100.6339096">
              <ele>12.478</ele>
              <time>2020-12-15T03:58:53.605Z</time>
              <fix>3d</fix>
              <hdop>1.54</hdop>
          </trkpt>
          <trkpt lat="14.0686365" lon="100.6339095">
              <ele>12.523</ele>
              <time>2020-12-15T03:58:53.657Z</time>
              <fix>3d</fix>
              <hdop>1.54</hdop>
          </trkpt>
          <trkpt lat="14.0686405" lon="100.6339093">
              <ele>12.539</ele>
              <time>2020-12-15T03:58:53.709Z</time>
              <fix>3d</fix>
              <hdop>1.54</hdop>
          </trkpt>
          <trkpt lat="14.0686446" lon="100.6339091">
              <ele>12.536</ele>
              <time>2020-12-15T03:58:53.761Z</time>
              <fix>3d</fix>
              <hdop>1.54</hdop>
          </trkpt>
          <trkpt lat="14.0686487" lon="100.6339086">
              <ele>12.489</ele>
              <time>2020-12-15T03:58:53.814Z</time>
              <fix>3d</fix>
              <hdop>1.49</hdop>
          </trkpt>
          <trkpt lat="14.0686526" lon="100.6339086">
              <ele>12.539</ele>
              <time>2020-12-15T03:58:53.869Z</time>
              <fix>3d</fix>
              <hdop>1.49</hdop>
          </trkpt>
          <trkpt lat="14.0686568" lon="100.6339086">
              <ele>12.56</ele>
              <time>2020-12-15T03:58:53.924Z</time>
              <fix>3d</fix>
              <hdop>1.49</hdop>
          </trkpt>
          <trkpt lat="14.0686605" lon="100.6339083">
              <ele>12.507</ele>
              <time>2020-12-15T03:58:53.979Z</time>
              <fix>3d</fix>
              <hdop>1.49</hdop>
          </trkpt>
          <trkpt lat="14.0686644" lon="100.6339082">
              <ele>12.527</ele>
              <time>2020-12-15T03:58:54.034Z</time>
              <fix>3d</fix>
              <hdop>1.49</hdop>
          </trkpt>
          <trkpt lat="14.0686685" lon="100.6339082">
              <ele>12.549</ele>
              <time>2020-12-15T03:58:54.089Z</time>
              <fix>3d</fix>
              <hdop>1.49</hdop>
          </trkpt>
          <trkpt lat="14.0686725" lon="100.6339081">
              <ele>12.607</ele>
              <time>2020-12-15T03:58:54.144Z</time>
              <fix>3d</fix>
              <hdop>1.49</hdop>
          </trkpt>
          <trkpt lat="14.0686766" lon="100.6339077">
              <ele>12.627</ele>
              <time>2020-12-15T03:58:54.199Z</time>
              <fix>3d</fix>
              <hdop>1.49</hdop>
          </trkpt>
          <trkpt lat="14.0686806" lon="100.6339076">
              <ele>12.681</ele>
              <time>2020-12-15T03:58:54.254Z</time>
              <fix>3d</fix>
              <hdop>1.49</hdop>
          </trkpt>
          <trkpt lat="14.0686846" lon="100.6339075">
              <ele>12.77</ele>
              <time>2020-12-15T03:58:54.309Z</time>
              <fix>3d</fix>
              <hdop>1.49</hdop>
          </trkpt>
          <trkpt lat="14.0686887" lon="100.6339072">
              <ele>12.801</ele>
              <time>2020-12-15T03:58:54.364Z</time>
              <fix>3d</fix>
              <hdop>1.49</hdop>
          </trkpt>
          <trkpt lat="14.0686926" lon="100.633907">
              <ele>12.853</ele>
              <time>2020-12-15T03:58:54.419Z</time>
              <fix>3d</fix>
              <hdop>1.49</hdop>
          </trkpt>
          <trkpt lat="14.0686966" lon="100.633907">
              <ele>12.954</ele>
              <time>2020-12-15T03:58:54.474Z</time>
              <fix>3d</fix>
              <hdop>1.49</hdop>
          </trkpt>
          <trkpt lat="14.0687006" lon="100.6339068">
              <ele>13.083</ele>
              <time>2020-12-15T03:58:54.529Z</time>
              <fix>3d</fix>
              <hdop>1.49</hdop>
          </trkpt>
          <trkpt lat="14.0687046" lon="100.6339066">
              <ele>13.161</ele>
              <time>2020-12-15T03:58:54.584Z</time>
              <fix>3d</fix>
              <hdop>1.49</hdop>
          </trkpt>
          <trkpt lat="14.0687084" lon="100.6339063">
              <ele>13.185</ele>
              <time>2020-12-15T03:58:54.639Z</time>
              <fix>3d</fix>
              <hdop>1.49</hdop>
          </trkpt>
          <trkpt lat="14.0687123" lon="100.6339063">
              <ele>13.22</ele>
              <time>2020-12-15T03:58:54.694Z</time>
              <fix>3d</fix>
              <hdop>1.49</hdop>
          </trkpt>
          <trkpt lat="14.0687164" lon="100.6339061">
              <ele>13.256</ele>
              <time>2020-12-15T03:58:54.749Z</time>
              <fix>3d</fix>
              <hdop>1.49</hdop>
          </trkpt>
          <trkpt lat="14.0687205" lon="100.6339057">
              <ele>13.255</ele>
              <time>2020-12-15T03:58:54.804Z</time>
              <fix>3d</fix>
              <hdop>1.48</hdop>
          </trkpt>
          <trkpt lat="14.0687244" lon="100.6339054">
              <ele>13.296</ele>
              <time>2020-12-15T03:58:54.859Z</time>
              <fix>3d</fix>
              <hdop>1.48</hdop>
          </trkpt>
          <trkpt lat="14.0687284" lon="100.6339051">
              <ele>13.416</ele>
              <time>2020-12-15T03:58:54.914Z</time>
              <fix>3d</fix>
              <hdop>1.48</hdop>
          </trkpt>
          <trkpt lat="14.0687325" lon="100.6339049">
              <ele>13.574</ele>
              <time>2020-12-15T03:58:54.969Z</time>
              <fix>3d</fix>
              <hdop>1.48</hdop>
          </trkpt>
          <trkpt lat="14.0687365" lon="100.6339048">
              <ele>13.753</ele>
              <time>2020-12-15T03:58:55.024Z</time>
              <fix>3d</fix>
              <hdop>1.48</hdop>
          </trkpt>
          <trkpt lat="14.0687406" lon="100.6339047">
              <ele>13.776</ele>
              <time>2020-12-15T03:58:55.079Z</time>
              <fix>3d</fix>
              <hdop>1.48</hdop>
          </trkpt>
          <trkpt lat="14.0687446" lon="100.6339047">
              <ele>13.821</ele>
              <time>2020-12-15T03:58:55.134Z</time>
              <fix>3d</fix>
              <hdop>1.48</hdop>
          </trkpt>
          <trkpt lat="14.0687487" lon="100.6339044">
              <ele>13.846</ele>
              <time>2020-12-15T03:58:55.189Z</time>
              <fix>3d</fix>
              <hdop>1.48</hdop>
          </trkpt>
          <trkpt lat="14.0687528" lon="100.6339045">
              <ele>13.778</ele>
              <time>2020-12-15T03:58:55.244Z</time>
              <fix>3d</fix>
              <hdop>1.48</hdop>
          </trkpt>
          <trkpt lat="14.0687569" lon="100.6339042">
              <ele>13.832</ele>
              <time>2020-12-15T03:58:55.299Z</time>
              <fix>3d</fix>
              <hdop>1.48</hdop>
          </trkpt>
          <trkpt lat="14.0687609" lon="100.6339041">
              <ele>13.873</ele>
              <time>2020-12-15T03:58:55.354Z</time>
              <fix>3d</fix>
              <hdop>1.48</hdop>
          </trkpt>
          <trkpt lat="14.0687649" lon="100.6339039">
              <ele>13.928</ele>
              <time>2020-12-15T03:58:55.409Z</time>
              <fix>3d</fix>
              <hdop>1.48</hdop>
          </trkpt>
          <trkpt lat="14.068769" lon="100.6339037">
              <ele>13.932</ele>
              <time>2020-12-15T03:58:55.464Z</time>
              <fix>3d</fix>
              <hdop>1.48</hdop>
          </trkpt>
          <trkpt lat="14.068773" lon="100.6339037">
              <ele>14.017</ele>
              <time>2020-12-15T03:58:55.519Z</time>
              <fix>3d</fix>
              <hdop>1.48</hdop>
          </trkpt>
          <trkpt lat="14.068777" lon="100.6339036">
              <ele>14.104</ele>
              <time>2020-12-15T03:58:55.574Z</time>
              <fix>3d</fix>
              <hdop>1.48</hdop>
          </trkpt>
          <trkpt lat="14.0687811" lon="100.6339033">
              <ele>14.161</ele>
              <time>2020-12-15T03:58:55.629Z</time>
              <fix>3d</fix>
              <hdop>1.48</hdop>
          </trkpt>
          <trkpt lat="14.0687853" lon="100.633903">
              <ele>14.137</ele>
              <time>2020-12-15T03:58:55.684Z</time>
              <fix>3d</fix>
              <hdop>1.48</hdop>
          </trkpt>
          <trkpt lat="14.0687894" lon="100.6339028">
              <ele>14.193</ele>
              <time>2020-12-15T03:58:55.739Z</time>
              <fix>3d</fix>
              <hdop>1.48</hdop>
          </trkpt>
          <trkpt lat="14.0687936" lon="100.6339026">
              <ele>14.2</ele>
              <time>2020-12-15T03:58:55.794Z</time>
              <fix>3d</fix>
              <hdop>1.48</hdop>
          </trkpt>
          <trkpt lat="14.0687976" lon="100.6339024">
              <ele>14.082</ele>
              <time>2020-12-15T03:58:55.852Z</time>
              <fix>3d</fix>
              <hdop>1.48</hdop>
          </trkpt>
          <trkpt lat="14.0688016" lon="100.6339022">
              <ele>14.037</ele>
              <time>2020-12-15T03:58:55.910Z</time>
              <fix>3d</fix>
              <hdop>1.48</hdop>
          </trkpt>
          <trkpt lat="14.0688057" lon="100.6339023">
              <ele>14.118</ele>
              <time>2020-12-15T03:58:55.968Z</time>
              <fix>3d</fix>
              <hdop>1.48</hdop>
          </trkpt>
          <trkpt lat="14.0688099" lon="100.6339026">
              <ele>14.062</ele>
              <time>2020-12-15T03:58:56.026Z</time>
              <fix>3d</fix>
              <hdop>1.48</hdop>
          </trkpt>
          <trkpt lat="14.0688139" lon="100.6339026">
              <ele>14.09</ele>
              <time>2020-12-15T03:58:56.085Z</time>
              <fix>3d</fix>
              <hdop>1.48</hdop>
          </trkpt>
          <trkpt lat="14.068818" lon="100.6339027">
              <ele>14.116</ele>
              <time>2020-12-15T03:58:56.143Z</time>
              <fix>3d</fix>
              <hdop>1.48</hdop>
          </trkpt>
          <trkpt lat="14.0688222" lon="100.6339028">
              <ele>14.114</ele>
              <time>2020-12-15T03:58:56.201Z</time>
              <fix>3d</fix>
              <hdop>1.48</hdop>
          </trkpt>
          <trkpt lat="14.0688263" lon="100.6339025">
              <ele>14.224</ele>
              <time>2020-12-15T03:58:56.259Z</time>
              <fix>3d</fix>
              <hdop>1.48</hdop>
          </trkpt>
          <trkpt lat="14.0688303" lon="100.6339026">
              <ele>14.296</ele>
              <time>2020-12-15T03:58:56.318Z</time>
              <fix>3d</fix>
              <hdop>1.48</hdop>
          </trkpt>
          <trkpt lat="14.0688344" lon="100.6339028">
              <ele>14.332</ele>
              <time>2020-12-15T03:58:56.376Z</time>
              <fix>3d</fix>
              <hdop>1.48</hdop>
          </trkpt>
          <trkpt lat="14.0688387" lon="100.6339026">
              <ele>14.366</ele>
              <time>2020-12-15T03:58:56.434Z</time>
              <fix>3d</fix>
              <hdop>1.48</hdop>
          </trkpt>
          <trkpt lat="14.0688428" lon="100.6339026">
              <ele>14.311</ele>
              <time>2020-12-15T03:58:56.492Z</time>
              <fix>3d</fix>
              <hdop>1.48</hdop>
          </trkpt>
          <trkpt lat="14.0688511" lon="100.6339031">
              <ele>14.405</ele>
              <time>2020-12-15T03:58:56.551Z</time>
              <fix>3d</fix>
              <hdop>1.48</hdop>
          </trkpt>
          <trkpt lat="14.068855" lon="100.6339033">
              <ele>14.411</ele>
              <time>2020-12-15T03:58:56.609Z</time>
              <fix>3d</fix>
              <hdop>1.48</hdop>
          </trkpt>
          <trkpt lat="14.0688592" lon="100.6339031">
              <ele>14.306</ele>
              <time>2020-12-15T03:58:56.667Z</time>
              <fix>3d</fix>
              <hdop>1.48</hdop>
          </trkpt>
          <trkpt lat="14.0688633" lon="100.6339031">
              <ele>14.301</ele>
              <time>2020-12-15T03:58:56.725Z</time>
              <fix>3d</fix>
              <hdop>1.48</hdop>
          </trkpt>
          <trkpt lat="14.0688674" lon="100.633903">
              <ele>14.344</ele>
              <time>2020-12-15T03:58:56.784Z</time>
              <fix>3d</fix>
              <hdop>1.48</hdop>
          </trkpt>
          <trkpt lat="14.0688717" lon="100.6339028">
              <ele>14.404</ele>
              <time>2020-12-15T03:58:56.836Z</time>
              <fix>3d</fix>
              <hdop>1.48</hdop>
          </trkpt>
          <trkpt lat="14.0688756" lon="100.6339027">
              <ele>14.422</ele>
              <time>2020-12-15T03:58:56.888Z</time>
              <fix>3d</fix>
              <hdop>1.48</hdop>
          </trkpt>
          <trkpt lat="14.0688798" lon="100.6339028">
              <ele>14.422</ele>
              <time>2020-12-15T03:58:56.940Z</time>
              <fix>3d</fix>
              <hdop>1.48</hdop>
          </trkpt>
          <trkpt lat="14.0688839" lon="100.6339028">
              <ele>14.395</ele>
              <time>2020-12-15T03:58:56.992Z</time>
              <fix>3d</fix>
              <hdop>1.48</hdop>
          </trkpt>
        </trkseg>
  </trk>
</gpx>